dataset,frac,seed,method,trtr_f1,trtr_auc,tstr_f1,tstr_auc,utility_gap_f1,utility_gap_auc,utility_ratio_f1,utility_ratio_auc,n_train_real,n_test_real
HIV,0.2,0,bootstrap,0.8888888888888888,1.0,0.9090909090909091,0.6,-0.02020202020202022,0.4,1.0227272727272727,0.6,11,6
HIV,0.2,0,gmm,0.8888888888888888,1.0,0.75,0.8,0.13888888888888884,0.19999999999999996,0.84375,0.8,11,6
HIV,0.2,0,cvae,0.8888888888888888,1.0,0.8888888888888888,0.8,0.0,0.19999999999999996,1.0,0.8,11,6
HIV,0.2,1,bootstrap,0.8,0.8,0.9090909090909091,0.8,-0.10909090909090902,0.0,1.1363636363636362,1.0,11,6
HIV,0.2,1,gmm,0.8,0.8,0.8,0.8,0.0,0.0,1.0,1.0,11,6
HIV,0.2,1,cvae,0.8,0.8,0.9090909090909091,1.0,-0.10909090909090902,-0.19999999999999996,1.1363636363636362,1.25,11,6
HIV,0.2,2,bootstrap,1.0,1.0,0.8888888888888888,1.0,0.11111111111111116,0.0,0.8888888888888888,1.0,11,6
HIV,0.2,2,gmm,1.0,1.0,1.0,1.0,0.0,0.0,1.0,1.0,11,6
HIV,0.2,2,cvae,1.0,1.0,0.5714285714285714,0.8,0.4285714285714286,0.19999999999999996,0.5714285714285714,0.8,11,6
HIV,0.2,3,bootstrap,1.0,1.0,1.0,1.0,0.0,0.0,1.0,1.0,11,6
HIV,0.2,3,gmm,1.0,1.0,0.8,0.8,0.19999999999999996,0.19999999999999996,0.8,0.8,11,6
HIV,0.2,3,cvae,1.0,1.0,0.75,0.6,0.25,0.4,0.75,0.6,11,6
HIV,0.2,4,bootstrap,1.0,1.0,1.0,1.0,0.0,0.0,1.0,1.0,11,6
HIV,0.2,4,gmm,1.0,1.0,1.0,1.0,0.0,0.0,1.0,1.0,11,6
HIV,0.2,4,cvae,1.0,1.0,0.8888888888888888,0.8,0.11111111111111116,0.19999999999999996,0.8888888888888888,0.8,11,6
HIV,0.2,5,bootstrap,1.0,1.0,1.0,1.0,0.0,0.0,1.0,1.0,11,6
HIV,0.2,5,gmm,1.0,1.0,1.0,1.0,0.0,0.0,1.0,1.0,11,6
HIV,0.2,5,cvae,1.0,1.0,1.0,1.0,0.0,0.0,1.0,1.0,11,6
HIV,0.2,6,bootstrap,0.9090909090909091,0.8,0.75,0.6,0.15909090909090906,0.20000000000000007,0.8250000000000001,0.7499999999999999,11,6
HIV,0.2,6,gmm,0.9090909090909091,0.8,0.8,0.8,0.10909090909090902,0.0,0.8800000000000001,1.0,11,6
HIV,0.2,6,cvae,0.9090909090909091,0.8,0.8,0.6,0.10909090909090902,0.20000000000000007,0.8800000000000001,0.7499999999999999,11,6
HIV,0.2,7,bootstrap,1.0,1.0,0.5714285714285714,0.9,0.4285714285714286,0.09999999999999998,0.5714285714285714,0.9,11,6
HIV,0.2,7,gmm,1.0,1.0,0.8888888888888888,1.0,0.11111111111111116,0.0,0.8888888888888888,1.0,11,6
HIV,0.2,7,cvae,1.0,1.0,0.5714285714285714,0.4,0.4285714285714286,0.6,0.5714285714285714,0.4,11,6
HIV,0.2,8,bootstrap,0.75,0.8,0.75,1.0,0.0,-0.19999999999999996,1.0,1.25,11,6
HIV,0.2,8,gmm,0.75,0.8,0.75,0.6,0.0,0.20000000000000007,1.0,0.7499999999999999,11,6
HIV,0.2,8,cvae,0.75,0.8,0.75,1.0,0.0,-0.19999999999999996,1.0,1.25,11,6
HIV,0.2,9,bootstrap,0.5714285714285714,0.6,0.5,0.4,0.0714285714285714,0.19999999999999996,0.875,0.6666666666666667,11,6
HIV,0.2,9,gmm,0.5714285714285714,0.6,0.2857142857142857,0.2,0.2857142857142857,0.39999999999999997,0.5,0.33333333333333337,11,6
HIV,0.2,9,cvae,0.5714285714285714,0.6,0.75,0.8,-0.1785714285714286,-0.20000000000000007,1.3125,1.3333333333333335,11,6
HIV,0.3,0,bootstrap,0.9230769230769231,0.9166666666666667,0.9230769230769231,0.9583333333333334,0.0,-0.04166666666666663,1.0,1.0454545454545454,18,8
HIV,0.3,0,gmm,0.9230769230769231,0.9166666666666667,0.9230769230769231,0.9166666666666667,0.0,0.0,1.0,1.0,18,8
HIV,0.3,0,cvae,0.9230769230769231,0.9166666666666667,0.6666666666666666,1.0,0.2564102564102565,-0.08333333333333326,0.7222222222222221,1.0909090909090908,18,8
HIV,0.3,1,bootstrap,0.8571428571428571,0.8333333333333334,0.7692307692307693,0.8333333333333334,0.08791208791208782,0.0,0.8974358974358976,1.0,18,8
HIV,0.3,1,gmm,0.8571428571428571,0.8333333333333334,0.8333333333333334,0.8333333333333334,0.023809523809523725,0.0,0.9722222222222223,1.0,18,8
HIV,0.3,1,cvae,0.8571428571428571,0.8333333333333334,0.8333333333333334,0.75,0.023809523809523725,0.08333333333333337,0.9722222222222223,0.8999999999999999,18,8
HIV,0.3,2,bootstrap,0.8571428571428571,0.625,0.6666666666666666,0.3333333333333333,0.19047619047619047,0.2916666666666667,0.7777777777777778,0.5333333333333333,18,8
HIV,0.3,2,gmm,0.8571428571428571,0.625,0.8571428571428571,0.41666666666666663,0.0,0.20833333333333337,1.0,0.6666666666666666,18,8
HIV,0.3,2,cvae,0.8571428571428571,0.625,0.7692307692307693,0.41666666666666663,0.08791208791208782,0.20833333333333337,0.8974358974358976,0.6666666666666666,18,8
HIV,0.3,3,bootstrap,0.9230769230769231,1.0,1.0,1.0,-0.07692307692307687,0.0,1.0833333333333333,1.0,18,8
HIV,0.3,3,gmm,0.9230769230769231,1.0,0.8571428571428571,1.0,0.06593406593406603,0.0,0.9285714285714285,1.0,18,8
HIV,0.3,3,cvae,0.9230769230769231,1.0,0.9090909090909091,1.0,0.013986013986014068,0.0,0.9848484848484848,1.0,18,8
HIV,0.3,4,bootstrap,1.0,1.0,0.8333333333333334,0.8333333333333334,0.16666666666666663,0.16666666666666663,0.8333333333333334,0.8333333333333334,18,8
HIV,0.3,4,gmm,1.0,1.0,0.9090909090909091,1.0,0.09090909090909094,0.0,0.9090909090909091,1.0,18,8
HIV,0.3,4,cvae,1.0,1.0,1.0,1.0,0.0,0.0,1.0,1.0,18,8
HIV,0.3,5,bootstrap,0.9230769230769231,1.0,0.8333333333333334,0.8333333333333333,0.08974358974358976,0.16666666666666674,0.9027777777777778,0.8333333333333333,18,8
HIV,0.3,5,gmm,0.9230769230769231,1.0,0.9230769230769231,0.75,0.0,0.25,1.0,0.75,18,8
HIV,0.3,5,cvae,0.9230769230769231,1.0,0.9230769230769231,0.9166666666666667,0.0,0.08333333333333326,1.0,0.9166666666666667,18,8
HIV,0.3,6,bootstrap,0.8571428571428571,1.0,0.5454545454545454,0.41666666666666663,0.3116883116883117,0.5833333333333334,0.6363636363636364,0.41666666666666663,18,8
HIV,0.3,6,gmm,0.8571428571428571,1.0,0.9230769230769231,0.9166666666666667,-0.06593406593406603,0.08333333333333326,1.076923076923077,0.9166666666666667,18,8
HIV,0.3,6,cvae,0.8571428571428571,1.0,0.9230769230769231,0.9166666666666667,-0.06593406593406603,0.08333333333333326,1.076923076923077,0.9166666666666667,18,8
HIV,0.3,7,bootstrap,1.0,1.0,1.0,1.0,0.0,0.0,1.0,1.0,18,8
HIV,0.3,7,gmm,1.0,1.0,1.0,1.0,0.0,0.0,1.0,1.0,18,8
HIV,0.3,7,cvae,1.0,1.0,0.9090909090909091,1.0,0.09090909090909094,0.0,0.9090909090909091,1.0,18,8
HIV,0.3,8,bootstrap,0.9090909090909091,0.9166666666666667,0.8,0.9166666666666667,0.10909090909090902,0.0,0.8800000000000001,1.0,18,8
HIV,0.3,8,gmm,0.9090909090909091,0.9166666666666667,0.9230769230769231,0.9166666666666667,-0.013986013986014068,0.0,1.0153846153846156,1.0,18,8
HIV,0.3,8,cvae,0.9090909090909091,0.9166666666666667,0.8333333333333334,0.75,0.07575757575757569,0.16666666666666674,0.9166666666666667,0.8181818181818181,18,8
HIV,0.3,9,bootstrap,0.9230769230769231,0.9166666666666667,0.8333333333333334,0.7916666666666666,0.08974358974358976,0.1250000000000001,0.9027777777777778,0.8636363636363635,18,8
HIV,0.3,9,gmm,0.9230769230769231,0.9166666666666667,0.8571428571428571,1.0,0.06593406593406603,-0.08333333333333326,0.9285714285714285,1.0909090909090908,18,8
HIV,0.3,9,cvae,0.9230769230769231,0.9166666666666667,0.9230769230769231,0.8333333333333333,0.0,0.08333333333333348,1.0,0.909090909090909,18,8
HIV,0.4,0,bootstrap,1.0,1.0,1.0,1.0,0.0,0.0,1.0,1.0,25,11
HIV,0.4,0,gmm,1.0,1.0,1.0,1.0,0.0,0.0,1.0,1.0,25,11
HIV,0.4,0,cvae,1.0,1.0,0.9333333333333333,1.0,0.06666666666666665,0.0,0.9333333333333333,1.0,25,11
HIV,0.4,1,bootstrap,0.8888888888888888,1.0,0.8571428571428571,0.9166666666666667,0.031746031746031744,0.08333333333333326,0.9642857142857143,0.9166666666666667,25,11
HIV,0.4,1,gmm,0.8888888888888888,1.0,0.8421052631578947,1.0,0.04678362573099415,0.0,0.9473684210526315,1.0,25,11
HIV,0.4,1,cvae,0.8888888888888888,1.0,0.7142857142857143,0.6875,0.17460317460317454,0.3125,0.8035714285714286,0.6875,25,11
HIV,0.4,2,bootstrap,1.0,1.0,1.0,1.0,0.0,0.0,1.0,1.0,25,11
HIV,0.4,2,gmm,1.0,1.0,0.8421052631578947,1.0,0.1578947368421053,0.0,0.8421052631578947,1.0,25,11
HIV,0.4,2,cvae,1.0,1.0,0.9333333333333333,0.9583333333333334,0.06666666666666665,0.04166666666666663,0.9333333333333333,0.9583333333333334,25,11
HIV,0.4,3,bootstrap,1.0,1.0,0.8888888888888888,1.0,0.11111111111111116,0.0,0.8888888888888888,1.0,25,11
HIV,0.4,3,gmm,1.0,1.0,1.0,1.0,0.0,0.0,1.0,1.0,25,11
HIV,0.4,3,cvae,1.0,1.0,1.0,1.0,0.0,0.0,1.0,1.0,25,11
HIV,0.4,4,bootstrap,0.9411764705882353,1.0,0.8888888888888888,1.0,0.05228758169934644,0.0,0.9444444444444444,1.0,25,11
HIV,0.4,4,gmm,0.9411764705882353,1.0,1.0,1.0,-0.05882352941176472,0.0,1.0625,1.0,25,11
HIV,0.4,4,cvae,0.9411764705882353,1.0,0.9411764705882353,1.0,0.0,0.0,1.0,1.0,25,11
HIV,0.4,5,bootstrap,0.8235294117647058,0.875,0.8571428571428571,1.0,-0.03361344537815125,-0.125,1.0408163265306123,1.1428571428571428,25,11
HIV,0.4,5,gmm,0.8235294117647058,0.875,0.7692307692307693,0.8333333333333334,0.05429864253393657,0.04166666666666663,0.9340659340659342,0.9523809523809524,25,11
HIV,0.4,5,cvae,0.8235294117647058,0.875,1.0,1.0,-0.17647058823529416,-0.125,1.2142857142857144,1.1428571428571428,25,11
HIV,0.4,6,bootstrap,0.9411764705882353,1.0,0.9411764705882353,0.9166666666666667,0.0,0.08333333333333326,1.0,0.9166666666666667,25,11
HIV,0.4,6,gmm,0.9411764705882353,1.0,0.9411764705882353,1.0,0.0,0.0,1.0,1.0,25,11
HIV,0.4,6,cvae,0.9411764705882353,1.0,0.9333333333333333,1.0,0.007843137254901933,0.0,0.9916666666666667,1.0,25,11
HIV,0.4,7,bootstrap,0.9411764705882353,0.9583333333333334,0.8888888888888888,0.9166666666666667,0.05228758169934644,0.04166666666666663,0.9444444444444444,0.9565217391304348,25,11
HIV,0.4,7,gmm,0.9411764705882353,0.9583333333333334,0.8888888888888888,0.9583333333333334,0.05228758169934644,0.0,0.9444444444444444,1.0,25,11
HIV,0.4,7,cvae,0.9411764705882353,0.9583333333333334,0.75,0.6666666666666666,0.19117647058823528,0.29166666666666674,0.796875,0.6956521739130435,25,11
HIV,0.4,8,bootstrap,0.9411764705882353,1.0,0.8421052631578947,1.0,0.09907120743034059,0.0,0.8947368421052632,1.0,25,11
HIV,0.4,8,gmm,0.9411764705882353,1.0,0.8571428571428571,1.0,0.08403361344537819,0.0,0.9107142857142857,1.0,25,11
HIV,0.4,8,cvae,0.9411764705882353,1.0,0.875,0.875,0.06617647058823528,0.125,0.9296875,0.875,25,11
HIV,0.4,9,bootstrap,0.9333333333333333,1.0,0.8571428571428571,1.0,0.07619047619047625,0.0,0.9183673469387754,1.0,25,11
HIV,0.4,9,gmm,0.9333333333333333,1.0,1.0,1.0,-0.06666666666666665,0.0,1.0714285714285714,1.0,25,11
HIV,0.4,9,cvae,0.9333333333333333,1.0,0.7692307692307693,0.875,0.16410256410256407,0.125,0.8241758241758242,0.875,25,11
HIV,0.5,0,bootstrap,0.9565217391304348,0.9393939393939394,1.0,1.0,-0.04347826086956519,-0.06060606060606055,1.0454545454545454,1.064516129032258,31,14
HIV,0.5,0,gmm,0.9565217391304348,0.9393939393939394,0.9090909090909091,0.9393939393939394,0.04743083003952575,0.0,0.9504132231404958,1.0,31,14
HIV,0.5,0,cvae,0.9565217391304348,0.9393939393939394,0.9523809523809523,0.9696969696969697,0.0041407867494824835,-0.030303030303030276,0.9956709956709956,1.032258064516129,31,14
HIV,0.5,1,bootstrap,0.9523809523809523,0.9696969696969697,0.9090909090909091,0.9696969696969697,0.04329004329004327,0.0,0.9545454545454546,1.0,31,14
HIV,0.5,1,gmm,0.9523809523809523,0.9696969696969697,0.9565217391304348,0.9696969696969697,-0.0041407867494824835,0.0,1.0043478260869567,1.0,31,14
HIV,0.5,1,cvae,0.9523809523809523,0.9696969696969697,0.8421052631578947,1.0,0.11027568922305764,-0.030303030303030276,0.8842105263157894,1.03125,31,14
HIV,0.5,2,bootstrap,0.9565217391304348,1.0,0.9565217391304348,1.0,0.0,0.0,1.0,1.0,31,14
HIV,0.5,2,gmm,0.9565217391304348,1.0,0.9565217391304348,1.0,0.0,0.0,1.0,1.0,31,14
HIV,0.5,2,cvae,0.9565217391304348,1.0,0.7777777777777778,1.0,0.17874396135265702,0.0,0.8131313131313131,1.0,31,14
HIV,0.5,3,bootstrap,0.9523809523809523,1.0,0.9090909090909091,0.9393939393939393,0.04329004329004327,0.06060606060606066,0.9545454545454546,0.9393939393939393,31,14
HIV,0.5,3,gmm,0.9523809523809523,1.0,0.9,0.9393939393939393,0.052380952380952306,0.06060606060606066,0.9450000000000001,0.9393939393939393,31,14
HIV,0.5,3,cvae,0.9523809523809523,1.0,1.0,1.0,-0.04761904761904767,0.0,1.05,1.0,31,14
HIV,0.5,4,bootstrap,1.0,1.0,1.0,1.0,0.0,0.0,1.0,1.0,31,14
HIV,0.5,4,gmm,1.0,1.0,0.9565217391304348,1.0,0.04347826086956519,0.0,0.9565217391304348,1.0,31,14
HIV,0.5,4,cvae,1.0,1.0,1.0,1.0,0.0,0.0,1.0,1.0,31,14
HIV,0.5,5,bootstrap,0.9565217391304348,0.9696969696969697,0.9565217391304348,0.9090909090909092,0.0,0.06060606060606055,1.0,0.9375000000000001,31,14
HIV,0.5,5,gmm,0.9565217391304348,0.9696969696969697,0.9565217391304348,0.9090909090909092,0.0,0.06060606060606055,1.0,0.9375000000000001,31,14
HIV,0.5,5,cvae,0.9565217391304348,0.9696969696969697,0.8695652173913043,0.696969696969697,0.08695652173913049,0.2727272727272727,0.9090909090909091,0.71875,31,14
HIV,0.5,6,bootstrap,1.0,1.0,0.7777777777777778,1.0,0.2222222222222222,0.0,0.7777777777777778,1.0,31,14
HIV,0.5,6,gmm,1.0,1.0,0.9523809523809523,1.0,0.04761904761904767,0.0,0.9523809523809523,1.0,31,14
HIV,0.5,6,cvae,1.0,1.0,1.0,1.0,0.0,0.0,1.0,1.0,31,14
HIV,0.5,7,bootstrap,1.0,1.0,0.9565217391304348,1.0,0.04347826086956519,0.0,0.9565217391304348,1.0,31,14
HIV,0.5,7,gmm,1.0,1.0,1.0,1.0,0.0,0.0,1.0,1.0,31,14
HIV,0.5,7,cvae,1.0,1.0,0.9523809523809523,1.0,0.04761904761904767,0.0,0.9523809523809523,1.0,31,14
HIV,0.5,8,bootstrap,0.9565217391304348,1.0,0.9565217391304348,1.0,0.0,0.0,1.0,1.0,31,14
HIV,0.5,8,gmm,0.9565217391304348,1.0,1.0,1.0,-0.04347826086956519,0.0,1.0454545454545454,1.0,31,14
HIV,0.5,8,cvae,0.9565217391304348,1.0,0.7368421052631579,0.8181818181818181,0.21967963386727696,0.18181818181818188,0.770334928229665,0.8181818181818181,31,14
HIV,0.5,9,bootstrap,0.9565217391304348,1.0,1.0,1.0,-0.04347826086956519,0.0,1.0454545454545454,1.0,31,14
HIV,0.5,9,gmm,0.9565217391304348,1.0,0.9565217391304348,0.8181818181818182,0.0,0.18181818181818177,1.0,0.8181818181818182,31,14
HIV,0.5,9,cvae,0.9565217391304348,1.0,1.0,1.0,-0.04347826086956519,0.0,1.0454545454545454,1.0,31,14
breast_cancer,0.2,0,bootstrap,1.0,1.0,1.0,1.0,0.0,0.0,1.0,1.0,79,34
breast_cancer,0.2,0,gmm,1.0,1.0,0.9767441860465116,0.9926739926739926,0.023255813953488413,0.007326007326007411,0.9767441860465116,0.9926739926739926,79,34
breast_cancer,0.2,0,cvae,1.0,1.0,0.9767441860465116,1.0,0.023255813953488413,0.0,0.9767441860465116,1.0,79,34
breast_cancer,0.2,1,bootstrap,0.9333333333333333,0.9963369963369964,0.9302325581395349,0.9816849816849818,0.0031007751937984773,0.0146520146520146,0.9966777408637874,0.9852941176470589,79,34
breast_cancer,0.2,1,gmm,0.9333333333333333,0.9963369963369964,0.9523809523809523,0.989010989010989,-0.01904761904761898,0.0073260073260073,1.0204081632653061,0.9926470588235294,79,34
breast_cancer,0.2,1,cvae,0.9333333333333333,0.9963369963369964,0.8837209302325582,0.9487179487179487,0.04961240310077519,0.04761904761904767,0.946843853820598,0.9522058823529411,79,34
breast_cancer,0.2,2,bootstrap,0.9333333333333333,0.978021978021978,0.9302325581395349,0.9816849816849818,0.0031007751937984773,-0.003663003663003761,0.9966777408637874,1.00374531835206,79,34
breast_cancer,0.2,2,gmm,0.9333333333333333,0.978021978021978,0.9545454545454546,0.9853479853479853,-0.021212121212121238,-0.0073260073260073,1.0227272727272727,1.0074906367041199,79,34
breast_cancer,0.2,2,cvae,0.9333333333333333,0.978021978021978,0.9333333333333333,0.9597069597069596,0.0,0.01831501831501836,1.0,0.9812734082397003,79,34
breast_cancer,0.2,3,bootstrap,0.926829268292683,0.9816849816849818,0.9,0.9853479853479854,0.02682926829268295,-0.00366300366300365,0.9710526315789474,1.0037313432835822,79,34
breast_cancer,0.2,3,gmm,0.926829268292683,0.9816849816849818,0.9545454545454546,0.9926739926739927,-0.027716186252771613,-0.01098901098901095,1.0299043062200957,1.0111940298507462,79,34
breast_cancer,0.2,3,cvae,0.926829268292683,0.9816849816849818,0.9545454545454546,0.989010989010989,-0.027716186252771613,-0.0073260073260073,1.0299043062200957,1.007462686567164,79,34
breast_cancer,0.2,4,bootstrap,0.8695652173913043,0.9395604395604396,0.8888888888888888,0.9340659340659341,-0.019323671497584516,0.005494505494505475,1.0222222222222221,0.9941520467836258,79,34
breast_cancer,0.2,4,gmm,0.8695652173913043,0.9395604395604396,0.8888888888888888,0.9743589743589745,-0.019323671497584516,-0.0347985347985349,1.0222222222222221,1.0370370370370372,79,34
breast_cancer,0.2,4,cvae,0.8695652173913043,0.9395604395604396,0.875,0.9615384615384615,-0.005434782608695676,-0.0219780219780219,1.00625,1.023391812865497,79,34
breast_cancer,0.2,5,bootstrap,0.9523809523809523,0.978021978021978,0.9523809523809523,0.978021978021978,0.0,0.0,1.0,1.0,79,34
breast_cancer,0.2,5,gmm,0.9523809523809523,0.978021978021978,0.9523809523809523,0.9816849816849818,0.0,-0.003663003663003761,1.0,1.00374531835206,79,34
breast_cancer,0.2,5,cvae,0.9523809523809523,0.978021978021978,0.9302325581395349,0.967032967032967,0.022148394241417457,0.01098901098901095,0.9767441860465117,0.9887640449438203,79,34
breast_cancer,0.2,6,bootstrap,0.9545454545454546,0.9926739926739927,0.9333333333333333,0.9926739926739927,0.021212121212121238,0.0,0.9777777777777777,1.0,79,34
breast_cancer,0.2,6,gmm,0.9545454545454546,0.9926739926739927,0.9090909090909091,0.9853479853479854,0.045454545454545525,0.0073260073260073,0.9523809523809523,0.992619926199262,79,34
breast_cancer,0.2,6,cvae,0.9545454545454546,0.9926739926739927,0.9767441860465116,1.0,-0.022198731501057,-0.0073260073260073,1.0232558139534882,1.007380073800738,79,34
breast_cancer,0.2,7,bootstrap,0.975609756097561,1.0,0.975609756097561,0.9963369963369964,0.0,0.00366300366300365,1.0,0.9963369963369964,79,34
breast_cancer,0.2,7,gmm,0.975609756097561,1.0,0.975609756097561,1.0,0.0,0.0,1.0,1.0,79,34
breast_cancer,0.2,7,cvae,0.975609756097561,1.0,0.975609756097561,1.0,0.0,0.0,1.0,1.0,79,34
breast_cancer,0.2,8,bootstrap,0.975609756097561,1.0,1.0,1.0,-0.024390243902439046,0.0,1.0250000000000001,1.0,79,34
breast_cancer,0.2,8,gmm,0.975609756097561,1.0,1.0,1.0,-0.024390243902439046,0.0,1.0250000000000001,1.0,79,34
breast_cancer,0.2,8,cvae,0.975609756097561,1.0,0.9767441860465116,1.0,-0.0011344299489506326,0.0,1.0011627906976743,1.0,79,34
breast_cancer,0.2,9,bootstrap,0.9767441860465116,0.9926739926739927,0.9767441860465116,1.0,0.0,-0.0073260073260073,1.0,1.007380073800738,79,34
breast_cancer,0.2,9,gmm,0.9767441860465116,0.9926739926739927,0.9545454545454546,0.9853479853479854,0.022198731501057,0.0073260073260073,0.9772727272727274,0.992619926199262,79,34
breast_cancer,0.2,9,cvae,0.9767441860465116,0.9926739926739927,0.9333333333333333,0.9926739926739927,0.04341085271317824,0.0,0.9555555555555556,1.0,79,34
breast_cancer,0.3,0,bootstrap,0.9552238805970149,0.9901315789473684,0.9552238805970149,0.9893092105263158,0.0,0.0008223684210525439,1.0,0.9991694352159469,119,51
breast_cancer,0.3,0,gmm,0.9552238805970149,0.9901315789473684,0.9696969696969697,0.9983552631578948,-0.014473089099954817,-0.008223684210526438,1.0151515151515151,1.0083056478405317,119,51
breast_cancer,0.3,0,cvae,0.9552238805970149,0.9901315789473684,0.9411764705882353,0.9901315789473685,0.014047410008779626,-1.1102230246251565e-16,0.9852941176470589,1.0000000000000002,119,51
breast_cancer,0.3,1,bootstrap,0.9538461538461539,0.9580592105263158,0.9393939393939394,0.9523026315789475,0.014452214452214451,0.005756578947368363,0.9848484848484849,0.9939914163090129,119,51
breast_cancer,0.3,1,gmm,0.9538461538461539,0.9580592105263158,0.9538461538461539,0.9786184210526315,0.0,-0.020559210526315708,1.0,1.0214592274678111,119,51
breast_cancer,0.3,1,cvae,0.9538461538461539,0.9580592105263158,0.927536231884058,0.9457236842105263,0.026309921962095917,0.012335526315789491,0.9724170172978027,0.9871244635193133,119,51
breast_cancer,0.3,2,bootstrap,0.96875,0.990953947368421,0.9354838709677419,0.9884868421052632,0.03326612903225812,0.002467105263157854,0.9656607700312174,0.9975103734439834,119,51
breast_cancer,0.3,2,gmm,0.96875,0.990953947368421,0.9354838709677419,0.9901315789473685,0.03326612903225812,0.0008223684210525439,0.9656607700312174,0.9991701244813279,119,51
breast_cancer,0.3,2,cvae,0.96875,0.990953947368421,0.96875,0.9942434210526316,0.0,-0.00328947368421062,1.0,1.0033195020746888,119,51
breast_cancer,0.3,3,bootstrap,0.9523809523809523,0.9950657894736842,0.9523809523809523,0.9925986842105263,0.0,0.002467105263157854,1.0,0.9975206611570249,119,51
breast_cancer,0.3,3,gmm,0.9523809523809523,0.9950657894736842,0.9846153846153847,0.9950657894736842,-0.03223443223443234,0.0,1.0338461538461539,1.0,119,51
breast_cancer,0.3,3,cvae,0.9523809523809523,0.9950657894736842,0.9508196721311475,0.9950657894736843,0.0015612802498048417,-1.1102230246251565e-16,0.9983606557377049,1.0000000000000002,119,51
breast_cancer,0.3,4,bootstrap,0.9552238805970149,0.9860197368421053,0.9552238805970149,0.9827302631578948,0.0,0.003289473684210509,1.0,0.9966638865721434,119,51
breast_cancer,0.3,4,gmm,0.9552238805970149,0.9860197368421053,0.9552238805970149,0.9851973684210527,0.0,0.000822368421052655,1.0,0.9991659716430359,119,51
breast_cancer,0.3,4,cvae,0.9552238805970149,0.9860197368421053,0.9552238805970149,0.9835526315789473,0.0,0.002467105263157965,1.0,0.9974979149291076,119,51
breast_cancer,0.3,5,bootstrap,0.9696969696969697,0.9950657894736843,0.9696969696969697,0.9917763157894737,0.0,0.00328947368421062,1.0,0.9966942148760329,119,51
breast_cancer,0.3,5,gmm,0.9696969696969697,0.9950657894736843,0.9552238805970149,0.9983552631578947,0.014473089099954817,-0.0032894736842103978,0.9850746268656716,1.0033057851239668,119,51
breast_cancer,0.3,5,cvae,0.9696969696969697,0.9950657894736843,0.9411764705882353,0.9950657894736843,0.028520499108734443,0.0,0.9705882352941176,1.0,119,51
breast_cancer,0.3,6,bootstrap,0.9846153846153847,0.9950657894736843,0.9846153846153847,0.9934210526315789,0.0,0.001644736842105421,1.0,0.9983471074380164,119,51
breast_cancer,0.3,6,gmm,0.9846153846153847,0.9950657894736843,0.9523809523809523,0.984375,0.03223443223443234,0.010690789473684292,0.9672619047619047,0.9892561983471073,119,51
breast_cancer,0.3,6,cvae,0.9846153846153847,0.9950657894736843,0.96875,0.9917763157894737,0.01586538461538467,0.00328947368421062,0.98388671875,0.9966942148760329,119,51
breast_cancer,0.3,7,bootstrap,0.9841269841269841,1.0,0.9841269841269841,1.0,0.0,0.0,1.0,1.0,119,51
breast_cancer,0.3,7,gmm,0.9841269841269841,1.0,0.967741935483871,0.9967105263157895,0.016385048643113076,0.003289473684210509,0.9833506763787722,0.9967105263157895,119,51
breast_cancer,0.3,7,cvae,0.9841269841269841,1.0,0.967741935483871,0.9983552631578948,0.016385048643113076,0.0016447368421051989,0.9833506763787722,0.9983552631578948,119,51
breast_cancer,0.3,8,bootstrap,0.9375,0.9925986842105263,0.9354838709677419,0.9868421052631579,0.0020161290322581182,0.005756578947368474,0.9978494623655914,0.9942004971002485,119,51
breast_cancer,0.3,8,gmm,0.9375,0.9925986842105263,0.967741935483871,0.9967105263157896,-0.030241935483870996,-0.004111842105263275,1.032258064516129,1.004142502071251,119,51
breast_cancer,0.3,8,cvae,0.9375,0.9925986842105263,0.9206349206349206,0.9827302631578948,0.016865079365079416,0.009868421052631526,0.982010582010582,0.9900579950289976,119,51
breast_cancer,0.3,9,bootstrap,0.9696969696969697,0.9983552631578948,0.9411764705882353,0.9950657894736842,0.028520499108734443,0.00328947368421062,0.9705882352941176,0.9967051070840197,119,51
breast_cancer,0.3,9,gmm,0.9696969696969697,0.9983552631578948,0.9696969696969697,0.990953947368421,0.0,0.0074013157894737835,1.0,0.9925864909390444,119,51
breast_cancer,0.3,9,cvae,0.9696969696969697,0.9983552631578948,0.9411764705882353,0.981907894736842,0.028520499108734443,0.016447368421052766,0.9705882352941176,0.9835255354200987,119,51
breast_cancer,0.4,0,bootstrap,0.9655172413793104,0.9865116279069767,0.9545454545454546,0.9883720930232558,0.010971786833855801,-0.0018604651162791308,0.9886363636363636,1.0018859028760019,158,68
breast_cancer,0.4,0,gmm,0.9655172413793104,0.9865116279069767,0.9425287356321839,0.9846511627906976,0.02298850574712652,0.0018604651162790198,0.976190476190476,0.9981140971239981,158,68
breast_cancer,0.4,0,cvae,0.9655172413793104,0.9865116279069767,0.9333333333333333,0.9846511627906976,0.03218390804597704,0.0018604651162790198,0.9666666666666667,0.9981140971239981,158,68
breast_cancer,0.4,1,bootstrap,0.9772727272727273,0.9953488372093023,0.9425287356321839,0.9944186046511627,0.034743991640543426,0.0009302325581396209,0.9644480085538626,0.9990654205607475,158,68
breast_cancer,0.4,1,gmm,0.9772727272727273,0.9953488372093023,0.9655172413793104,0.9916279069767442,0.011755485893416906,0.0037209302325581506,0.9879711307137129,0.9962616822429906,158,68
breast_cancer,0.4,1,cvae,0.9772727272727273,0.9953488372093023,0.9545454545454546,0.9888372093023255,0.022727272727272707,0.006511627906976791,0.9767441860465117,0.9934579439252336,158,68
breast_cancer,0.4,2,bootstrap,0.9655172413793104,0.9934883720930232,0.9285714285714286,0.9897674418604652,0.036945812807881784,0.0037209302325580396,0.9617346938775511,0.9962546816479402,158,68
breast_cancer,0.4,2,gmm,0.9655172413793104,0.9934883720930232,0.9397590361445783,0.9869767441860465,0.025758205234732046,0.00651162790697668,0.9733218588640276,0.9934456928838952,158,68
breast_cancer,0.4,2,cvae,0.9655172413793104,0.9934883720930232,0.926829268292683,0.987906976744186,0.038687973086627414,0.00558139534883717,0.9599303135888502,0.9943820224719101,158,68
breast_cancer,0.4,3,bootstrap,0.925,0.9962790697674418,0.9113924050632911,0.9911627906976743,0.013607594936708933,0.0051162790697675264,0.9852890865549092,0.9948646125116712,158,68
breast_cancer,0.4,3,gmm,0.925,0.9962790697674418,0.926829268292683,0.9832558139534884,-0.0018292682926829285,0.013023255813953472,1.0019775873434411,0.9869281045751634,158,68
breast_cancer,0.4,3,cvae,0.925,0.9962790697674418,0.9,0.986046511627907,0.025000000000000022,0.01023255813953483,0.9729729729729729,0.9897292250233427,158,68
breast_cancer,0.4,4,bootstrap,0.9662921348314607,0.9874418604651163,0.9438202247191011,0.9827906976744186,0.022471910112359605,0.0046511627906976605,0.9767441860465116,0.9952896844088555,158,68
breast_cancer,0.4,4,gmm,0.9662921348314607,0.9874418604651163,0.9555555555555556,0.9925581395348837,0.0107365792759051,-0.005116279069767415,0.9888888888888889,1.005181347150259,158,68
breast_cancer,0.4,4,cvae,0.9662921348314607,0.9874418604651163,0.9545454545454546,0.9711627906976744,0.011746680286006117,0.016279069767441867,0.9878435517970402,0.9835138954309939,158,68
breast_cancer,0.4,5,bootstrap,0.9555555555555556,0.9916279069767442,0.9438202247191011,0.9888372093023255,0.011735330836454505,0.0027906976744186407,0.987718839822315,0.99718574108818,158,68
breast_cancer,0.4,5,gmm,0.9555555555555556,0.9916279069767442,0.945054945054945,0.9748837209302326,0.010500610500610574,0.016744186046511622,0.9890109890109889,0.9831144465290806,158,68
breast_cancer,0.4,5,cvae,0.9555555555555556,0.9916279069767442,0.9882352941176471,0.9944186046511628,-0.0326797385620915,-0.0027906976744186407,1.0341997264021887,1.0028142589118199,158,68
breast_cancer,0.4,6,bootstrap,0.9647058823529412,0.9925581395348837,0.9534883720930233,0.9944186046511627,0.011217510259917907,-0.0018604651162790198,0.9883720930232558,1.0018744142455482,158,68
breast_cancer,0.4,6,gmm,0.9647058823529412,0.9925581395348837,0.9647058823529412,0.987906976744186,0.0,0.0046511627906976605,1.0,0.9953139643861294,158,68
breast_cancer,0.4,6,cvae,0.9647058823529412,0.9925581395348837,0.9032258064516129,0.9604651162790697,0.06148007590132831,0.03209302325581398,0.9362706530291109,0.9676663542642924,158,68
breast_cancer,0.4,7,bootstrap,0.963855421686747,0.9972093023255814,0.926829268292683,0.9953488372093022,0.03702615339406401,0.0018604651162791308,0.9615853658536586,0.9981343283582089,158,68
breast_cancer,0.4,7,gmm,0.963855421686747,0.9972093023255814,0.925,0.9934883720930232,0.03885542168674694,0.0037209302325581506,0.9596875,0.9962686567164178,158,68
breast_cancer,0.4,7,cvae,0.963855421686747,0.9972093023255814,0.925,0.9962790697674418,0.03885542168674694,0.0009302325581395099,0.9596875,0.9990671641791045,158,68
breast_cancer,0.4,8,bootstrap,0.9767441860465116,0.9972093023255814,0.9655172413793104,0.9953488372093023,0.0112269446672012,0.0018604651162790198,0.9885057471264369,0.998134328358209,158,68
breast_cancer,0.4,8,gmm,0.9767441860465116,0.9972093023255814,0.9761904761904762,0.9944186046511627,0.0005537098560354226,0.0027906976744186407,0.9994331065759637,0.9972014925373134,158,68
breast_cancer,0.4,8,cvae,0.9767441860465116,0.9972093023255814,0.9534883720930233,0.9962790697674418,0.023255813953488302,0.0009302325581395099,0.9761904761904763,0.9990671641791045,158,68
breast_cancer,0.4,9,bootstrap,0.9772727272727273,0.9637209302325581,0.9772727272727273,0.9702325581395349,0.0,-0.006511627906976791,1.0,1.0067567567567568,158,68
breast_cancer,0.4,9,gmm,0.9772727272727273,0.9637209302325581,0.9534883720930233,0.9669767441860465,0.02378435517970401,-0.0032558139534883956,0.9756625202812331,1.0033783783783785,158,68
breast_cancer,0.4,9,cvae,0.9772727272727273,0.9637209302325581,0.9772727272727273,0.9716279069767441,0.0,-0.007906976744185945,1.0,1.008204633204633,158,68
breast_cancer,0.5,0,bootstrap,0.9814814814814815,0.9965277777777778,0.9636363636363636,0.9953703703703703,0.017845117845117886,0.0011574074074074403,0.9818181818181818,0.9988385598141696,198,86
breast_cancer,0.5,0,gmm,0.9814814814814815,0.9965277777777778,0.9629629629629629,0.9890046296296297,0.0185185185185186,0.00752314814814814,0.981132075471698,0.9924506387921023,198,86
breast_cancer,0.5,0,cvae,0.9814814814814815,0.9965277777777778,0.9454545454545454,0.9953703703703703,0.036026936026936074,0.0011574074074074403,0.9632933104631217,0.9988385598141696,198,86
breast_cancer,0.5,1,bootstrap,0.9724770642201835,0.9626736111111112,0.9532710280373832,0.9563078703703705,0.019206036182800368,0.0063657407407407,0.9802503967554222,0.9933874361286444,198,86
breast_cancer,0.5,1,gmm,0.9724770642201835,0.9626736111111112,0.9629629629629629,0.9701967592592593,0.00951410125722063,-0.00752314814814814,0.9902166317260656,1.007814848211602,198,86
breast_cancer,0.5,1,cvae,0.9724770642201835,0.9626736111111112,0.9636363636363636,0.9502314814814815,0.008840700583819916,0.01244212962962965,0.9909090909090909,0.9870754433423504,198,86
breast_cancer,0.5,2,bootstrap,0.9814814814814815,0.9982638888888888,1.0,1.0,-0.01851851851851849,-0.0017361111111111605,1.0188679245283019,1.0017391304347827,198,86
breast_cancer,0.5,2,gmm,0.9814814814814815,0.9982638888888888,0.9724770642201835,0.9976851851851851,0.00900441726129797,0.0005787037037037202,0.9908256880733946,0.9994202898550725,198,86
breast_cancer,0.5,2,cvae,0.9814814814814815,0.9982638888888888,0.9908256880733946,0.9994212962962963,-0.00934420659191304,-0.0011574074074074403,1.0095205123766662,1.001159420289855,198,86
breast_cancer,0.5,3,bootstrap,1.0,1.0,1.0,1.0,0.0,0.0,1.0,1.0,198,86
breast_cancer,0.5,3,gmm,1.0,1.0,0.9908256880733946,1.0,0.00917431192660545,0.0,0.9908256880733946,1.0,198,86
breast_cancer,0.5,3,cvae,1.0,1.0,0.9818181818181818,1.0,0.018181818181818188,0.0,0.9818181818181818,1.0,198,86
breast_cancer,0.5,4,bootstrap,0.9642857142857143,0.9869791666666666,0.9532710280373832,0.9913194444444444,0.01101468624833113,-0.00434027777777779,0.9885773624091381,1.0043975373790677,198,86
breast_cancer,0.5,4,gmm,0.9642857142857143,0.9869791666666666,0.9541284403669725,0.9756944444444444,0.010157273918741772,0.01128472222222221,0.9894665307509345,0.988566402814424,198,86
breast_cancer,0.5,4,cvae,0.9642857142857143,0.9869791666666666,0.9906542056074766,0.9982638888888888,-0.026368491321762333,-0.01128472222222221,1.0273451021114572,1.0114335971855761,198,86
breast_cancer,0.5,5,bootstrap,1.0,1.0,1.0,1.0,0.0,0.0,1.0,1.0,198,86
breast_cancer,0.5,5,gmm,1.0,1.0,0.9724770642201835,0.9985532407407407,0.02752293577981646,0.0014467592592593004,0.9724770642201835,0.9985532407407407,198,86
breast_cancer,0.5,5,cvae,1.0,1.0,0.9724770642201835,0.9988425925925926,0.02752293577981646,0.0011574074074074403,0.9724770642201835,0.9988425925925926,198,86
breast_cancer,0.5,6,bootstrap,0.9541284403669725,0.9918981481481481,0.9357798165137615,0.9780092592592593,0.01834862385321101,0.01388888888888884,0.9807692307692307,0.985997666277713,198,86
breast_cancer,0.5,6,gmm,0.9541284403669725,0.9918981481481481,0.9532710280373832,0.9907407407407407,0.0008574123295893576,0.0011574074074074403,0.9991013659237957,0.9988331388564761,198,86
breast_cancer,0.5,6,cvae,0.9541284403669725,0.9918981481481481,0.9557522123893806,0.984375,-0.0016237720224080432,0.00752314814814814,1.0017018379850238,0.9924154025670945,198,86
breast_cancer,0.5,7,bootstrap,0.9380530973451328,0.9490740740740742,0.9464285714285714,0.9620949074074074,-0.008375474083438639,-0.01302083333333326,1.0089285714285714,1.013719512195122,198,86
breast_cancer,0.5,7,gmm,0.9380530973451328,0.9490740740740742,0.9285714285714286,0.9557291666666667,0.009481668773704155,-0.00665509259259256,0.9898921832884098,1.0070121951219513,198,86
breast_cancer,0.5,7,cvae,0.9380530973451328,0.9490740740740742,0.9464285714285714,0.9560185185185186,-0.008375474083438639,-0.00694444444444442,1.0089285714285714,1.0073170731707317,198,86
breast_cancer,0.5,8,bootstrap,0.9298245614035088,0.9592013888888888,0.9464285714285714,0.9632523148148149,-0.01660401002506262,-0.004050925925926041,1.0178571428571428,1.0042232277526397,198,86
breast_cancer,0.5,8,gmm,0.9298245614035088,0.9592013888888888,0.9532710280373832,0.9794560185185185,-0.023446466633874397,-0.02025462962962965,1.0252160112854876,1.0211161387631975,198,86
breast_cancer,0.5,8,cvae,0.9298245614035088,0.9592013888888888,0.8947368421052632,0.9369212962962963,0.03508771929824561,0.02228009259259256,0.9622641509433962,0.9767722473604827,198,86
breast_cancer,0.5,9,bootstrap,0.9811320754716981,1.0,0.9514563106796117,0.9959490740740741,0.029675764792086445,0.00405092592592593,0.9697535474234503,0.9959490740740741,198,86
breast_cancer,0.5,9,gmm,0.9811320754716981,1.0,0.9714285714285714,0.9976851851851851,0.009703504043126698,0.0023148148148148806,0.9901098901098901,0.9976851851851851,198,86
breast_cancer,0.5,9,cvae,0.9811320754716981,1.0,0.9818181818181818,0.9982638888888888,-0.0006861063464836947,0.0017361111111111605,1.0006993006993008,0.9982638888888888,198,86
diabetes,0.2,0,bootstrap,0.37037037037037035,0.69375,0.5,0.7427083333333334,-0.12962962962962965,-0.04895833333333344,1.35,1.0705705705705708,107,46
diabetes,0.2,0,gmm,0.37037037037037035,0.69375,0.3333333333333333,0.7552083333333334,0.037037037037037035,-0.06145833333333339,0.9,1.0885885885885886,107,46
diabetes,0.2,0,cvae,0.37037037037037035,0.69375,0.25,0.6541666666666667,0.12037037037037035,0.039583333333333304,0.675,0.942942942942943,107,46
diabetes,0.2,1,bootstrap,0.38461538461538464,0.7468750000000001,0.41379310344827586,0.6947916666666668,-0.02917771883289122,0.05208333333333326,1.0758620689655172,0.9302649930264995,107,46
diabetes,0.2,1,gmm,0.38461538461538464,0.7468750000000001,0.4444444444444444,0.6364583333333333,-0.05982905982905978,0.11041666666666672,1.1555555555555554,0.8521617852161785,107,46
diabetes,0.2,1,cvae,0.38461538461538464,0.7468750000000001,0.6666666666666666,0.7822916666666667,-0.282051282051282,-0.03541666666666665,1.7333333333333332,1.0474198047419805,107,46
diabetes,0.2,2,bootstrap,0.5714285714285714,0.8458333333333333,0.6153846153846154,0.8312499999999999,-0.04395604395604402,0.014583333333333393,1.076923076923077,0.9827586206896551,107,46
diabetes,0.2,2,gmm,0.5714285714285714,0.8458333333333333,0.5945945945945946,0.7510416666666667,-0.02316602316602323,0.09479166666666661,1.0405405405405406,0.8879310344827587,107,46
diabetes,0.2,2,cvae,0.5714285714285714,0.8458333333333333,0.5925925925925926,0.7770833333333333,-0.021164021164021163,0.06874999999999998,1.037037037037037,0.9187192118226601,107,46
diabetes,0.2,3,bootstrap,0.6428571428571429,0.8208333333333333,0.5517241379310345,0.775,0.09113300492610843,0.04583333333333328,0.8582375478927202,0.9441624365482234,107,46
diabetes,0.2,3,gmm,0.6428571428571429,0.8208333333333333,0.43478260869565216,0.8427083333333334,0.20807453416149074,-0.02187500000000009,0.6763285024154588,1.0266497461928936,107,46
diabetes,0.2,3,cvae,0.6428571428571429,0.8208333333333333,0.625,0.7604166666666667,0.017857142857142905,0.06041666666666656,0.9722222222222221,0.9263959390862946,107,46
diabetes,0.2,4,bootstrap,0.32,0.7041666666666667,0.5,0.6614583333333333,-0.18,0.04270833333333346,1.5625,0.9393491124260354,107,46
diabetes,0.2,4,gmm,0.32,0.7041666666666667,0.5384615384615384,0.746875,-0.21846153846153843,-0.04270833333333324,1.6826923076923075,1.0606508875739644,107,46
diabetes,0.2,4,cvae,0.32,0.7041666666666667,0.41379310344827586,0.6072916666666667,-0.09379310344827585,0.09687500000000004,1.293103448275862,0.8624260355029585,107,46
diabetes,0.2,5,bootstrap,0.6666666666666666,0.8635416666666667,0.6896551724137931,0.8447916666666666,-0.02298850574712652,0.018750000000000044,1.0344827586206897,0.9782870928829915,107,46
diabetes,0.2,5,gmm,0.6666666666666666,0.8635416666666667,0.5,0.8052083333333334,0.16666666666666663,0.05833333333333324,0.75,0.9324487334137516,107,46
diabetes,0.2,5,cvae,0.6666666666666666,0.8635416666666667,0.7142857142857143,0.9197916666666668,-0.04761904761904767,-0.05625000000000013,1.0714285714285716,1.0651387213510255,107,46
diabetes,0.2,6,bootstrap,0.4,0.715625,0.4827586206896552,0.7354166666666666,-0.08275862068965517,-0.019791666666666652,1.206896551724138,1.0276564774381367,107,46
diabetes,0.2,6,gmm,0.4,0.715625,0.5333333333333333,0.7510416666666666,-0.1333333333333333,-0.03541666666666665,1.3333333333333333,1.049490538573508,107,46
diabetes,0.2,6,cvae,0.4,0.715625,0.4666666666666667,0.7291666666666666,-0.06666666666666665,-0.013541666666666674,1.1666666666666665,1.0189228529839884,107,46
diabetes,0.2,7,bootstrap,0.7027027027027027,0.8458333333333333,0.7222222222222222,0.8208333333333333,-0.019519519519519468,0.025000000000000022,1.0277777777777777,0.9704433497536945,107,46
diabetes,0.2,7,gmm,0.7027027027027027,0.8458333333333333,0.7741935483870968,0.8895833333333333,-0.07149084568439401,-0.043749999999999956,1.1017369727047146,1.0517241379310345,107,46
diabetes,0.2,7,cvae,0.7027027027027027,0.8458333333333333,0.6829268292682927,0.8562500000000001,0.019775873434410007,-0.01041666666666674,0.9718574108818011,1.0123152709359606,107,46
diabetes,0.2,8,bootstrap,0.6666666666666666,0.825,0.7058823529411765,0.85,-0.03921568627450989,-0.025000000000000022,1.058823529411765,1.0303030303030303,107,46
diabetes,0.2,8,gmm,0.6666666666666666,0.825,0.6486486486486487,0.8104166666666667,0.018018018018017945,0.014583333333333282,0.972972972972973,0.9823232323232324,107,46
diabetes,0.2,8,cvae,0.6666666666666666,0.825,0.65,0.8177083333333334,0.016666666666666607,0.007291666666666585,0.9750000000000001,0.9911616161616162,107,46
diabetes,0.2,9,bootstrap,0.5,0.7510416666666667,0.5333333333333333,0.7416666666666667,-0.033333333333333326,0.009375000000000022,1.0666666666666667,0.9875173370319001,107,46
diabetes,0.2,9,gmm,0.5,0.7510416666666667,0.5185185185185185,0.690625,-0.01851851851851849,0.060416666666666674,1.037037037037037,0.9195561719833565,107,46
diabetes,0.2,9,cvae,0.5,0.7510416666666667,0.5294117647058824,0.6312500000000001,-0.02941176470588236,0.11979166666666663,1.0588235294117647,0.8404993065187241,107,46
diabetes,0.3,0,bootstrap,0.6808510638297872,0.811574074074074,0.6521739130434783,0.7712962962962963,0.028677150786308947,0.040277777777777746,0.9578804347826088,0.9503707929264119,161,69
diabetes,0.3,0,gmm,0.6808510638297872,0.811574074074074,0.5294117647058824,0.8236111111111112,0.15143929912390486,-0.01203703703703718,0.7775735294117647,1.014831717056475,161,69
diabetes,0.3,0,cvae,0.6808510638297872,0.811574074074074,0.6296296296296297,0.8064814814814815,0.05122143420015757,0.0050925925925925375,0.9247685185185186,0.9937250427837993,161,69
diabetes,0.3,1,bootstrap,0.6190476190476191,0.8018518518518518,0.5957446808510638,0.8125,0.023302938196555267,-0.010648148148148184,0.9623567921440261,1.0132794457274827,161,69
diabetes,0.3,1,gmm,0.6190476190476191,0.8018518518518518,0.5909090909090909,0.8018518518518518,0.02813852813852813,0.0,0.9545454545454546,1.0,161,69
diabetes,0.3,1,cvae,0.6190476190476191,0.8018518518518518,0.6666666666666666,0.8731481481481482,-0.04761904761904756,-0.07129629629629641,1.0769230769230769,1.08891454965358,161,69
diabetes,0.3,2,bootstrap,0.6666666666666666,0.8439814814814816,0.6511627906976745,0.8310185185185185,0.015503875968992165,0.012962962962963065,0.9767441860465117,0.9846407021393306,161,69
diabetes,0.3,2,gmm,0.6666666666666666,0.8439814814814816,0.5365853658536586,0.7884259259259261,0.13008130081300806,0.05555555555555547,0.8048780487804879,0.9341744377399891,161,69
diabetes,0.3,2,cvae,0.6666666666666666,0.8439814814814816,0.5853658536585366,0.8263888888888888,0.08130081300813008,0.017592592592592715,0.8780487804878049,0.9791552386176631,161,69
diabetes,0.3,3,bootstrap,0.7111111111111111,0.8643518518518518,0.631578947368421,0.8675925925925926,0.07953216374269012,-0.0032407407407407662,0.888157894736842,1.0037493304767007,161,69
diabetes,0.3,3,gmm,0.7111111111111111,0.8643518518518518,0.6521739130434783,0.7675925925925926,0.05893719806763287,0.09675925925925921,0.9171195652173912,0.888055704338511,161,69
diabetes,0.3,3,cvae,0.7111111111111111,0.8643518518518518,0.6938775510204082,0.8324074074074074,0.017233560090702982,0.03194444444444444,0.9757653061224489,0.9630423138725228,161,69
diabetes,0.3,4,bootstrap,0.5116279069767442,0.7356481481481482,0.5116279069767442,0.737962962962963,0.0,-0.0023148148148148806,1.0,1.0031466331025802,161,69
diabetes,0.3,4,gmm,0.5116279069767442,0.7356481481481482,0.47619047619047616,0.7324074074074074,0.03543743078626804,0.0032407407407407662,0.9307359307359306,0.9955947136563876,161,69
diabetes,0.3,4,cvae,0.5116279069767442,0.7356481481481482,0.5777777777777777,0.7407407407407407,-0.06614987080103352,-0.0050925925925925375,1.1292929292929292,1.0069225928256764,161,69
diabetes,0.3,5,bootstrap,0.6382978723404256,0.8125,0.5454545454545454,0.7435185185185185,0.09284332688588015,0.06898148148148153,0.8545454545454544,0.915099715099715,161,69
diabetes,0.3,5,gmm,0.6382978723404256,0.8125,0.5777777777777777,0.7962962962962963,0.06052009456264784,0.01620370370370372,0.9051851851851851,0.98005698005698,161,69
diabetes,0.3,5,cvae,0.6382978723404256,0.8125,0.5853658536585366,0.7916666666666666,0.052932018681889015,0.02083333333333337,0.9170731707317072,0.9743589743589743,161,69
diabetes,0.3,6,bootstrap,0.5,0.737962962962963,0.6,0.7699074074074073,-0.09999999999999998,-0.03194444444444422,1.2,1.0432873274780423,161,69
diabetes,0.3,6,gmm,0.5,0.737962962962963,0.5714285714285714,0.7273148148148149,-0.0714285714285714,0.010648148148148184,1.1428571428571428,0.9855708908406524,161,69
diabetes,0.3,6,cvae,0.5,0.737962962962963,0.5714285714285714,0.7546296296296298,-0.0714285714285714,-0.01666666666666672,1.1428571428571428,1.0225846925972397,161,69
diabetes,0.3,7,bootstrap,0.6,0.861574074074074,0.46153846153846156,0.8513888888888889,0.1384615384615384,0.010185185185185186,0.7692307692307693,0.9881783987103707,161,69
diabetes,0.3,7,gmm,0.6,0.861574074074074,0.3333333333333333,0.7597222222222222,0.26666666666666666,0.10185185185185186,0.5555555555555556,0.8817839871037076,161,69
diabetes,0.3,7,cvae,0.6,0.861574074074074,0.5714285714285714,0.7791666666666667,0.02857142857142858,0.08240740740740737,0.9523809523809523,0.9043524986566363,161,69
diabetes,0.3,8,bootstrap,0.5365853658536586,0.7643518518518518,0.5116279069767442,0.7828703703703703,0.024957458876914362,-0.01851851851851849,0.9534883720930233,1.0242277407631737,161,69
diabetes,0.3,8,gmm,0.5365853658536586,0.7643518518518518,0.4878048780487805,0.7412037037037037,0.04878048780487809,0.02314814814814814,0.9090909090909091,0.9697153240460327,161,69
diabetes,0.3,8,cvae,0.5365853658536586,0.7643518518518518,0.5,0.7902777777777777,0.03658536585365857,-0.025925925925925908,0.9318181818181818,1.0339188370684433,161,69
diabetes,0.3,9,bootstrap,0.5714285714285714,0.8092592592592592,0.43902439024390244,0.8074074074074075,0.13240418118466896,0.0018518518518517713,0.7682926829268293,0.9977116704805493,161,69
diabetes,0.3,9,gmm,0.5714285714285714,0.8092592592592592,0.4117647058823529,0.7541666666666668,0.15966386554621848,0.05509259259259247,0.7205882352941176,0.9319221967963388,161,69
diabetes,0.3,9,cvae,0.5714285714285714,0.8092592592592592,0.6530612244897959,0.8097222222222222,-0.08163265306122447,-0.0004629629629629983,1.1428571428571428,1.0005720823798627,161,69
diabetes,0.4,0,bootstrap,0.5357142857142857,0.7302766393442622,0.5263157894736842,0.7430840163934426,0.009398496240601517,-0.012807377049180335,0.9824561403508771,1.0175377060680464,214,93
diabetes,0.4,0,gmm,0.5357142857142857,0.7302766393442622,0.5588235294117647,0.6921106557377049,-0.02310924369747902,0.03816598360655732,1.0431372549019609,0.9477376359172222,214,93
diabetes,0.4,0,cvae,0.5357142857142857,0.7302766393442622,0.4745762711864407,0.6808401639344263,0.06113801452784501,0.04943647540983598,0.8858757062146894,0.9323044545773413,214,93
diabetes,0.4,1,bootstrap,0.6567164179104478,0.8363217213114753,0.684931506849315,0.8355532786885247,-0.02821508893886726,0.0007684426229506158,1.0429638854296388,0.999081163859112,214,93
diabetes,0.4,1,gmm,0.6567164179104478,0.8363217213114753,0.6666666666666666,0.8222336065573771,-0.00995024875621886,0.014088114754098213,1.0151515151515151,0.983154670750383,214,93
diabetes,0.4,1,cvae,0.6567164179104478,0.8363217213114753,0.6363636363636364,0.8227459016393442,0.020352781546811416,0.013575819672131062,0.9690082644628099,0.9837672281776417,214,93
diabetes,0.4,2,bootstrap,0.5483870967741935,0.7856045081967213,0.5423728813559322,0.7530737704918032,0.006014215418261304,0.0325307377049181,0.9890329012961118,0.9585914574502771,214,93
diabetes,0.4,2,gmm,0.5483870967741935,0.7856045081967213,0.38461538461538464,0.7120901639344263,0.16377171215880887,0.07351434426229508,0.7013574660633485,0.9064232148679492,214,93
diabetes,0.4,2,cvae,0.5483870967741935,0.7856045081967213,0.5405405405405406,0.7520491803278689,0.007846556233652935,0.0335553278688524,0.9856915739268681,0.957287251385719,214,93
diabetes,0.4,3,bootstrap,0.6181818181818182,0.8217213114754098,0.6296296296296297,0.8363217213114753,-0.011447811447811485,-0.014600409836065475,1.0185185185185186,1.0177680798004987,214,93
diabetes,0.4,3,gmm,0.6181818181818182,0.8217213114754098,0.5901639344262295,0.7674180327868853,0.02801788375558867,0.05430327868852458,0.9546769527483124,0.9339152119700749,214,93
diabetes,0.4,3,cvae,0.6181818181818182,0.8217213114754098,0.6984126984126984,0.8050717213114754,-0.08023088023088021,0.016649590163934413,1.1297852474323062,0.9797381546134664,214,93
diabetes,0.4,4,bootstrap,0.5818181818181818,0.8209528688524591,0.6349206349206349,0.828125,-0.053102453102453095,-0.007172131147540894,1.0912698412698412,1.008736349453978,214,93
diabetes,0.4,4,gmm,0.5818181818181818,0.8209528688524591,0.684931506849315,0.8299180327868853,-0.10311332503113324,-0.008965163934426146,1.1772260273972603,1.0109204368174727,214,93
diabetes,0.4,4,cvae,0.5818181818181818,0.8209528688524591,0.6296296296296297,0.8442622950819673,-0.04781144781144786,-0.023309426229508157,1.082175925925926,1.028393135725429,214,93
diabetes,0.4,5,bootstrap,0.5925925925925926,0.7876536885245902,0.6538461538461539,0.8112192622950819,-0.061253561253561295,-0.023565573770491732,1.1033653846153846,1.0299186991869917,214,93
diabetes,0.4,5,gmm,0.5925925925925926,0.7876536885245902,0.5625,0.7494877049180328,0.03009259259259256,0.03816598360655732,0.94921875,0.9515447154471546,214,93
diabetes,0.4,5,cvae,0.5925925925925926,0.7876536885245902,0.6440677966101694,0.725922131147541,-0.05147520401757688,0.06173155737704916,1.086864406779661,0.9216260162601626,214,93
diabetes,0.4,6,bootstrap,0.6129032258064516,0.7881659836065574,0.6451612903225806,0.7779200819672131,-0.032258064516129004,0.010245901639344357,1.0526315789473684,0.9870003249918751,214,93
diabetes,0.4,6,gmm,0.6129032258064516,0.7881659836065574,0.6075949367088608,0.7722848360655739,0.005308289097590846,0.015881147540983576,0.9913391072618255,0.9798505037374066,214,93
diabetes,0.4,6,cvae,0.6129032258064516,0.7881659836065574,0.6206896551724138,0.8060963114754097,-0.007786429365962189,-0.01793032786885229,1.012704174228675,1.0227494312642182,214,93
diabetes,0.4,7,bootstrap,0.6666666666666666,0.8621926229508197,0.6333333333333333,0.8427254098360656,0.033333333333333326,0.01946721311475408,0.95,0.9774212715389187,214,93
diabetes,0.4,7,gmm,0.6666666666666666,0.8621926229508197,0.5416666666666666,0.8032786885245901,0.125,0.05891393442622961,0.8125,0.9316696375519904,214,93
diabetes,0.4,7,cvae,0.6666666666666666,0.8621926229508197,0.3829787234042553,0.7364241803278688,0.2836879432624113,0.12576844262295084,0.574468085106383,0.8541295306001188,214,93
diabetes,0.4,8,bootstrap,0.4406779661016949,0.7415471311475409,0.53125,0.7387295081967213,-0.0905720338983051,0.002817622950819554,1.2055288461538463,0.9962003454231435,214,93
diabetes,0.4,8,gmm,0.4406779661016949,0.7415471311475409,0.43478260869565216,0.8150614754098361,0.005895357406042745,-0.0735143442622952,0.9866220735785953,1.0991364421416236,214,93
diabetes,0.4,8,cvae,0.4406779661016949,0.7415471311475409,0.5901639344262295,0.7835553278688524,-0.1494859683245346,-0.04200819672131151,1.33921815889029,1.056649395509499,214,93
diabetes,0.4,9,bootstrap,0.631578947368421,0.8563012295081966,0.6206896551724138,0.8373463114754098,0.010889292196007205,0.018954918032786816,0.9827586206896552,0.9778641938378703,214,93
diabetes,0.4,9,gmm,0.631578947368421,0.8563012295081966,0.6296296296296297,0.8263319672131149,0.0019493177387913674,0.02996926229508179,0.9969135802469137,0.9650014956625788,214,93
diabetes,0.4,9,cvae,0.631578947368421,0.8563012295081966,0.6666666666666666,0.860655737704918,-0.03508771929824561,-0.004354508196721341,1.0555555555555556,1.0050852527669758,214,93
diabetes,0.5,0,bootstrap,0.5352112676056338,0.7381578947368421,0.42424242424242425,0.7577302631578948,0.1109688433632095,-0.0195723684210527,0.7926634768740033,1.0265151515151516,268,116
diabetes,0.5,0,gmm,0.5352112676056338,0.7381578947368421,0.4657534246575342,0.6935855263157895,0.06945784294809954,0.04457236842105261,0.8702235039653929,0.9396167557932265,268,116
diabetes,0.5,0,cvae,0.5352112676056338,0.7381578947368421,0.48484848484848486,0.737171052631579,0.050362782757148894,0.0009868421052631193,0.9059011164274323,0.9986631016042782,268,116
diabetes,0.5,1,bootstrap,0.6197183098591549,0.8235197368421053,0.5846153846153846,0.8116776315789473,0.03510292524377023,0.011842105263157987,0.9433566433566435,0.9856201318154583,268,116
diabetes,0.5,1,gmm,0.6197183098591549,0.8235197368421053,0.5974025974025974,0.8144736842105262,0.0223157124565575,0.009046052631579093,0.9639905548996458,0.9890153784701416,268,116
diabetes,0.5,1,cvae,0.6197183098591549,0.8235197368421053,0.5373134328358209,0.7995065789473684,0.08240487702333399,0.024013157894736903,0.8670284938941656,0.9708408228480128,268,116
diabetes,0.5,2,bootstrap,0.5428571428571428,0.8370065789473684,0.5671641791044776,0.8238486842105264,-0.024307036247334768,0.013157894736842035,1.0447761194029852,0.9842798192179211,268,116
diabetes,0.5,2,gmm,0.5428571428571428,0.8370065789473684,0.5846153846153846,0.8136513157894736,-0.04175824175824183,0.023355263157894823,1.076923076923077,0.9720966791118096,268,116
diabetes,0.5,2,cvae,0.5428571428571428,0.8370065789473684,0.5507246376811594,0.7564144736842104,-0.007867494824016608,0.08059210526315796,1.0144927536231885,0.9037138927097661,268,116
diabetes,0.5,3,bootstrap,0.64,0.859703947368421,0.64,0.8286184210526316,0.0,0.031085526315789425,1.0,0.963841591735221,268,116
diabetes,0.5,3,gmm,0.64,0.859703947368421,0.7123287671232876,0.8351973684210527,-0.07232876712328762,0.024506578947368296,1.1130136986301369,0.9714941649129522,268,116
diabetes,0.5,3,cvae,0.64,0.859703947368421,0.6741573033707865,0.8414473684210526,-0.034157303370786485,0.01825657894736843,1.0533707865168538,0.9787641094317965,268,116
diabetes,0.5,4,bootstrap,0.5753424657534246,0.7799342105263158,0.4857142857142857,0.7707236842105263,0.08962818003913892,0.009210526315789558,0.84421768707483,0.9881906368620834,268,116
diabetes,0.5,4,gmm,0.5753424657534246,0.7799342105263158,0.5373134328358209,0.7631578947368421,0.03802903291760373,0.016776315789473695,0.9339019189765458,0.9784900885702236,268,116
diabetes,0.5,4,cvae,0.5753424657534246,0.7799342105263158,0.5789473684210527,0.8129934210526316,-0.0036049026676280294,-0.033059210526315774,1.006265664160401,1.042387178405736,268,116
diabetes,0.5,5,bootstrap,0.4931506849315068,0.7574013157894737,0.5294117647058824,0.8401315789473685,-0.03626107977437554,-0.08273026315789478,1.073529411764706,1.1092290988056461,268,116
diabetes,0.5,5,gmm,0.4931506849315068,0.7574013157894737,0.5333333333333333,0.7856907894736842,-0.040182648401826504,-0.02828947368421053,1.0814814814814815,1.0373507057546145,268,116
diabetes,0.5,5,cvae,0.4931506849315068,0.7574013157894737,0.43478260869565216,0.6947368421052632,0.05836807623585466,0.06266447368421046,0.8816425120772947,0.9172638436482086,268,116
diabetes,0.5,6,bootstrap,0.5974025974025974,0.8396381578947367,0.6575342465753424,0.8337171052631578,-0.06013164917274505,0.005921052631578938,1.1006551518761167,0.9929480901077375,268,116
diabetes,0.5,6,gmm,0.5974025974025974,0.8396381578947367,0.5866666666666667,0.8046052631578948,0.01073593073593071,0.0350328947368419,0.9820289855072464,0.9582761998041138,268,116
diabetes,0.5,6,cvae,0.5974025974025974,0.8396381578947367,0.6075949367088608,0.7875000000000001,-0.010192339306263398,0.052138157894736636,1.0170610897083106,0.9379040156709111,268,116
diabetes,0.5,7,bootstrap,0.6835443037974683,0.8756578947368421,0.65,0.843421052631579,0.03354430379746831,0.03223684210526312,0.950925925925926,0.9631855747558228,268,116
diabetes,0.5,7,gmm,0.6835443037974683,0.8756578947368421,0.7380952380952381,0.8615131578947368,-0.054550934297769804,0.014144736842105265,1.0798059964726632,0.9838467317806161,268,116
diabetes,0.5,7,cvae,0.6835443037974683,0.8756578947368421,0.7341772151898734,0.8705592105263157,-0.05063291139240511,0.005098684210526394,1.0740740740740742,0.9941773102930127,268,116
diabetes,0.5,8,bootstrap,0.5373134328358209,0.7592105263157894,0.5507246376811594,0.7707236842105263,-0.013411204845338531,-0.011513157894736836,1.0249597423510468,1.0151646447140381,268,116
diabetes,0.5,8,gmm,0.5373134328358209,0.7592105263157894,0.631578947368421,0.7807565789473684,-0.09426551453260013,-0.021546052631578938,1.175438596491228,1.0283795493934142,268,116
diabetes,0.5,8,cvae,0.5373134328358209,0.7592105263157894,0.48484848484848486,0.7200657894736843,0.05246494798733603,0.03914473684210518,0.9023569023569024,0.9484402079722705,268,116
diabetes,0.5,9,bootstrap,0.6493506493506493,0.7641447368421053,0.6419753086419753,0.7447368421052633,0.007375340708674072,0.019407894736842013,0.988641975308642,0.9746018080068878,268,116
diabetes,0.5,9,gmm,0.6493506493506493,0.7641447368421053,0.5915492957746479,0.7919407894736842,0.05780135357600147,-0.027796052631578916,0.9109859154929577,1.0363753766681016,268,116
diabetes,0.5,9,cvae,0.6493506493506493,0.7641447368421053,0.5789473684210527,0.7550986842105263,0.07040328092959669,0.009046052631578982,0.8915789473684211,0.9881618596642272,268,116
