Dataset,Method,Dropped Feature,TSTR F1 ↑,TRTR F1 (base),Util Gap ↓,KLD Mean ↓,Corr Diff ↓,Prop Sig ↓,RF Sep (mean ± SD),Disc F1 (mean ± SD)
HIV,bootstrap,drop_idx_0,0.9927007299270073,0.9718518518518519,-0.020848878075155453,0.7350834431090665,0.0723519732562897,0.0,0.634 ± 0.088,0.432 ± 0.116
breast_cancer,bootstrap,drop_idx_0,0.9832402234636871,0.9678650650599142,-0.015375158403772904,0.08770139994435984,0.0294027344937215,0.0,0.564 ± 0.036,0.518 ± 0.080
diabetes,bootstrap,drop_idx_0,0.864244741873805,0.6371600761516728,-0.22708466572213215,0.05282767645162776,0.025268935582382565,0.0,0.590 ± 0.051,0.469 ± 0.104
HIV,gmm,drop_idx_0,0.9855072463768116,0.9718518518518519,-0.013655394524959785,1.2981505401407023,0.09216520985241,0.016129032258064516,0.968 ± 0.025,0.902 ± 0.083
breast_cancer,gmm,drop_idx_0,0.952112676056338,0.9678650650599142,0.015752389003576228,0.30999766405962037,0.09099891278378054,0.10344827586206896,0.771 ± 0.094,0.702 ± 0.106
diabetes,gmm,drop_idx_0,0.6086956521739131,0.6371600761516728,0.028464423977759723,0.30277525024662844,0.03268605792916984,0.14285714285714285,0.687 ± 0.070,0.566 ± 0.108
HIV,cvae,drop_idx_0,0.9784172661870504,0.9718518518518519,-0.006565414335198527,2.632401932907214,0.1282038751220643,0.1935483870967742,0.842 ± 0.052,0.792 ± 0.061
breast_cancer,cvae,drop_idx_0,0.9692737430167597,0.9678650650599142,-0.0014086779568455166,0.38452618787214987,0.09131663741524411,0.20689655172413793,0.609 ± 0.089,0.598 ± 0.115
diabetes,cvae,drop_idx_0,0.6521739130434783,0.6371600761516728,-0.015013836891805465,0.38218637327326427,0.08241575865078356,0.5714285714285714,0.705 ± 0.113,0.649 ± 0.107
HIV,iid_columnwise,drop_idx_0,0.9855072463768116,0.9718518518518519,-0.013655394524959785,0.6501985691693966,0.30414787399310095,0.0,0.602 ± 0.042,0.588 ± 0.063
breast_cancer,iid_columnwise,drop_idx_0,0.9625520110957004,0.9678650650599142,0.005313053964213776,0.06411396394474281,0.20797352100752375,0.0,0.614 ± 0.083,0.554 ± 0.161
diabetes,iid_columnwise,drop_idx_0,0.6536203522504892,0.6371600761516728,-0.016460276098816395,0.04039227330427055,0.12446210241498012,0.0,0.578 ± 0.067,0.476 ± 0.078
HIV,bootstrap,drop_idx_1,0.9927007299270073,0.9718518518518519,-0.020848878075155453,0.7431726139602769,0.07200754909619149,0.0,0.630 ± 0.099,0.428 ± 0.139
breast_cancer,bootstrap,drop_idx_1,0.9818181818181818,0.96366442222024,-0.018153759597941854,0.08785953552837998,0.02695359701420221,0.0,0.557 ± 0.053,0.497 ± 0.054
diabetes,bootstrap,drop_idx_1,0.8255813953488372,0.5340230442326938,-0.2915583511161435,0.0372235224248361,0.02295178837582307,0.0,0.576 ± 0.053,0.433 ± 0.084
HIV,gmm,drop_idx_1,0.9927007299270073,0.9718518518518519,-0.020848878075155453,1.2007399559781369,0.09814702174779835,0.04838709677419355,0.917 ± 0.082,0.874 ± 0.097
breast_cancer,gmm,drop_idx_1,0.9545454545454546,0.96366442222024,0.009118967674785372,0.29751557126830336,0.06886642886732515,0.0,0.827 ± 0.082,0.736 ± 0.123
diabetes,gmm,drop_idx_1,0.5161290322580645,0.5340230442326938,0.017894011974629254,0.4877049795205525,0.01813800562424676,0.2857142857142857,0.756 ± 0.083,0.675 ± 0.086
HIV,cvae,drop_idx_1,0.9784172661870504,0.9718518518518519,-0.006565414335198527,2.3417475573509727,0.12738654300308963,0.14516129032258066,0.827 ± 0.055,0.771 ± 0.048
breast_cancer,cvae,drop_idx_1,0.9752747252747253,0.96366442222024,-0.011610303054485294,0.289186777489324,0.06279797408228274,0.06896551724137931,0.597 ± 0.100,0.603 ± 0.092
diabetes,cvae,drop_idx_1,0.6125461254612546,0.5340230442326938,-0.07852308122856089,0.461985891232516,0.0884416345859734,0.5714285714285714,0.788 ± 0.064,0.688 ± 0.113
HIV,iid_columnwise,drop_idx_1,0.9855072463768116,0.9718518518518519,-0.013655394524959785,0.6646114232016846,0.30277673064164307,0.0,0.592 ± 0.062,0.558 ± 0.090
breast_cancer,iid_columnwise,drop_idx_1,0.9597780859916782,0.96366442222024,0.0038863362285617153,0.06147324505454575,0.21407519376644252,0.0,0.631 ± 0.103,0.571 ± 0.160
diabetes,iid_columnwise,drop_idx_1,0.5996275605214153,0.5340230442326938,-0.06560451628872155,0.024143826879064915,0.13204268014560955,0.0,0.582 ± 0.047,0.497 ± 0.079
HIV,bootstrap,drop_idx_10,0.9927007299270073,0.9718518518518519,-0.020848878075155453,0.7608208183763195,0.07255430577290091,0.0,0.648 ± 0.073,0.399 ± 0.128
breast_cancer,bootstrap,drop_idx_10,0.9831932773109243,0.9704472042985886,-0.012746073012335768,0.0879554840826553,0.02850582464816709,0.0,0.591 ± 0.046,0.454 ± 0.120
HIV,gmm,drop_idx_10,0.9925925925925926,0.9718518518518519,-0.020740740740740726,1.1414335934478799,0.09869957292018582,0.06451612903225806,0.961 ± 0.035,0.905 ± 0.055
breast_cancer,gmm,drop_idx_10,0.9620253164556962,0.9704472042985886,0.008421887842892328,0.29293951701557075,0.08099285756893822,0.034482758620689655,0.797 ± 0.120,0.726 ± 0.133
HIV,cvae,drop_idx_10,0.9701492537313433,0.9718518518518519,0.0017025981205085472,2.723287497998077,0.12169408789287857,0.3709677419354839,0.880 ± 0.072,0.799 ± 0.088
breast_cancer,cvae,drop_idx_10,0.9698630136986301,0.9704472042985886,0.0005841905999584007,0.3703507979817495,0.08893678270604856,0.10344827586206896,0.587 ± 0.070,0.538 ± 0.116
HIV,iid_columnwise,drop_idx_10,0.9855072463768116,0.9718518518518519,-0.013655394524959785,0.7063902923610393,0.2988589556677322,0.0,0.620 ± 0.033,0.557 ± 0.069
breast_cancer,iid_columnwise,drop_idx_10,0.9626556016597511,0.9704472042985886,0.0077916026388374915,0.06204439940001424,0.2056210715657291,0.0,0.614 ± 0.063,0.593 ± 0.071
HIV,bootstrap,drop_idx_11,0.9927007299270073,0.964973544973545,-0.02772718495346227,0.759421287830839,0.0722562015812948,0.0,0.645 ± 0.076,0.405 ± 0.122
breast_cancer,bootstrap,drop_idx_11,0.9818181818181818,0.966309010838241,-0.015509170979940867,0.08777285381804553,0.028563131569293986,0.0,0.594 ± 0.056,0.434 ± 0.107
HIV,gmm,drop_idx_11,0.9850746268656716,0.964973544973545,-0.02010108189212656,1.1052844009908378,0.08462016897714858,0.016129032258064516,0.940 ± 0.041,0.890 ± 0.058
breast_cancer,gmm,drop_idx_11,0.9636871508379888,0.966309010838241,0.0026218600002521075,0.3094347546229513,0.0764389630347304,0.06896551724137931,0.778 ± 0.116,0.715 ± 0.092
HIV,cvae,drop_idx_11,0.9852941176470589,0.964973544973545,-0.020320572673513837,2.830489642080939,0.12448950512297564,0.4032258064516129,0.856 ± 0.055,0.768 ± 0.073
breast_cancer,cvae,drop_idx_11,0.9752747252747253,0.966309010838241,-0.008965714436484307,0.3281404031501031,0.0883939895248616,0.0,0.588 ± 0.074,0.534 ± 0.138
HIV,iid_columnwise,drop_idx_11,0.9855072463768116,0.964973544973545,-0.020533701403266602,0.6920502813573117,0.2996306608648011,0.0,0.618 ± 0.026,0.553 ± 0.069
breast_cancer,iid_columnwise,drop_idx_11,0.9597780859916782,0.966309010838241,0.006530924846562702,0.06086389597684756,0.20922731419326981,0.0,0.650 ± 0.058,0.646 ± 0.065
HIV,bootstrap,drop_idx_12,0.9927007299270073,0.964973544973545,-0.02772718495346227,0.7572798870158137,0.07246747462002244,0.0,0.646 ± 0.084,0.408 ± 0.120
breast_cancer,bootstrap,drop_idx_12,0.9818181818181818,0.9693211269367199,-0.012497054881461911,0.08822685810703824,0.02826307883979688,0.0,0.593 ± 0.054,0.468 ± 0.100
HIV,gmm,drop_idx_12,0.9927007299270073,0.964973544973545,-0.02772718495346227,1.2441181929194316,0.08135830950937706,0.016129032258064516,0.950 ± 0.042,0.888 ± 0.089
breast_cancer,gmm,drop_idx_12,0.9610027855153204,0.9693211269367199,0.008318341421399533,0.29901657609392623,0.07608049039686222,0.10344827586206896,0.774 ± 0.116,0.714 ± 0.119
HIV,cvae,drop_idx_12,0.9645390070921985,0.964973544973545,0.0004345378813465084,2.827136829181183,0.12740455055211608,0.3870967741935484,0.849 ± 0.067,0.791 ± 0.096
breast_cancer,cvae,drop_idx_12,0.9601100412654745,0.9693211269367199,0.0092110856712454,0.33326147047298726,0.08661228888170859,0.0,0.580 ± 0.044,0.577 ± 0.079
HIV,iid_columnwise,drop_idx_12,0.9855072463768116,0.964973544973545,-0.020533701403266602,0.6846481405254965,0.2988523533917244,0.0,0.621 ± 0.033,0.575 ± 0.048
breast_cancer,iid_columnwise,drop_idx_12,0.9584487534626038,0.9693211269367199,0.01087237347411607,0.06130810116372228,0.20439071789244515,0.0,0.667 ± 0.049,0.643 ± 0.053
HIV,bootstrap,drop_idx_13,0.9927007299270073,0.964973544973545,-0.02772718495346227,0.7538411771778041,0.07179695112296959,0.0,0.647 ± 0.084,0.420 ± 0.125
breast_cancer,bootstrap,drop_idx_13,0.9846153846153847,0.9676669694534699,-0.01694841516191481,0.08963797052436531,0.0280645339105829,0.0,0.584 ± 0.054,0.503 ± 0.115
HIV,gmm,drop_idx_13,1.0,0.964973544973545,-0.03502645502645496,1.1963074497632615,0.08142596768555498,0.04838709677419355,0.967 ± 0.026,0.913 ± 0.043
breast_cancer,gmm,drop_idx_13,0.9546742209631728,0.9676669694534699,0.012992748490297079,0.3094607523714848,0.08220300470204228,0.034482758620689655,0.810 ± 0.094,0.724 ± 0.084
HIV,cvae,drop_idx_13,0.9855072463768116,0.964973544973545,-0.020533701403266602,2.572312064996431,0.12510452171102523,0.3870967741935484,0.873 ± 0.076,0.813 ± 0.071
breast_cancer,cvae,drop_idx_13,0.967032967032967,0.9676669694534699,0.0006340024205028216,0.3294084974448147,0.08514045549509927,0.0,0.602 ± 0.065,0.560 ± 0.083
HIV,iid_columnwise,drop_idx_13,0.9855072463768116,0.964973544973545,-0.020533701403266602,0.6878818459670601,0.29850600630206225,0.0,0.614 ± 0.050,0.559 ± 0.049
breast_cancer,iid_columnwise,drop_idx_13,0.961218836565097,0.9676669694534699,0.006448132888372871,0.062363217899755276,0.20596998687756685,0.0,0.648 ± 0.065,0.620 ± 0.093
HIV,bootstrap,drop_idx_14,0.9927007299270073,0.9718518518518519,-0.020848878075155453,0.760365143059595,0.07192189283105771,0.0,0.637 ± 0.086,0.434 ± 0.117
breast_cancer,bootstrap,drop_idx_14,0.9832402234636871,0.9705994113001106,-0.012640812163576487,0.08587693738511105,0.02839241653605749,0.0,0.564 ± 0.043,0.530 ± 0.093
HIV,gmm,drop_idx_14,1.0,0.9718518518518519,-0.028148148148148144,1.1955393507532126,0.08659643603154411,0.016129032258064516,0.946 ± 0.040,0.881 ± 0.071
breast_cancer,gmm,drop_idx_14,0.9622377622377623,0.9705994113001106,0.008361649062348375,0.2875100956521938,0.0709898414500031,0.0,0.782 ± 0.081,0.725 ± 0.077
HIV,cvae,drop_idx_14,0.9927007299270073,0.9718518518518519,-0.020848878075155453,2.6633429740135584,0.12380818661168079,0.46774193548387094,0.818 ± 0.048,0.770 ± 0.065
breast_cancer,cvae,drop_idx_14,0.9693593314763231,0.9705994113001106,0.0012400798237874877,0.2944797783386534,0.0878496652794028,0.034482758620689655,0.588 ± 0.083,0.557 ± 0.087
HIV,iid_columnwise,drop_idx_14,0.9855072463768116,0.9718518518518519,-0.013655394524959785,0.6831992639676111,0.30294966451318645,0.0,0.624 ± 0.042,0.557 ± 0.076
breast_cancer,iid_columnwise,drop_idx_14,0.9584487534626038,0.9705994113001106,0.012150657837506795,0.05942021225511719,0.20668338483824591,0.0,0.652 ± 0.070,0.573 ± 0.132
HIV,bootstrap,drop_idx_15,0.9927007299270073,0.964973544973545,-0.02772718495346227,0.7528344170932006,0.07243881278559496,0.0,0.642 ± 0.088,0.435 ± 0.114
breast_cancer,bootstrap,drop_idx_15,0.9831932773109243,0.9678596852727133,-0.015333592038211052,0.08458338511711444,0.028858811951180143,0.0,0.556 ± 0.040,0.492 ± 0.093
HIV,gmm,drop_idx_15,0.9927007299270073,0.964973544973545,-0.02772718495346227,1.1903522543279843,0.08938696932482383,0.016129032258064516,0.964 ± 0.041,0.912 ± 0.056
breast_cancer,gmm,drop_idx_15,0.9578651685393258,0.9678596852727133,0.00999451673338747,0.30224884770386445,0.07830202353464842,0.0,0.753 ± 0.086,0.645 ± 0.131
HIV,cvae,drop_idx_15,0.9850746268656716,0.964973544973545,-0.02010108189212656,2.994928236327568,0.12240452061622777,0.41935483870967744,0.862 ± 0.050,0.792 ± 0.042
breast_cancer,cvae,drop_idx_15,0.9723756906077348,0.9678596852727133,-0.0045160053350215,0.32138208490473097,0.09055435552212175,0.0,0.589 ± 0.048,0.543 ± 0.073
HIV,iid_columnwise,drop_idx_15,0.9855072463768116,0.964973544973545,-0.020533701403266602,0.6829297071783473,0.29928239414419594,0.0,0.622 ± 0.044,0.560 ± 0.083
breast_cancer,iid_columnwise,drop_idx_15,0.9598893499308437,0.9678596852727133,0.007970335341869528,0.06196865527410485,0.20002832490371106,0.0,0.624 ± 0.052,0.538 ± 0.137
HIV,bootstrap,drop_idx_16,0.9927007299270073,0.9782886334610472,-0.01441209646596009,0.7600867426871089,0.07254681599698488,0.0,0.637 ± 0.082,0.447 ± 0.115
breast_cancer,bootstrap,drop_idx_16,0.9831932773109243,0.9677617051906241,-0.015431572120300219,0.08647109164189506,0.028906155609720832,0.0,0.567 ± 0.059,0.498 ± 0.078
HIV,gmm,drop_idx_16,0.9850746268656716,0.9782886334610472,-0.00678599340462438,1.350955883528293,0.08742612888651217,0.08064516129032258,0.937 ± 0.041,0.865 ± 0.053
breast_cancer,gmm,drop_idx_16,0.9592123769338959,0.9677617051906241,0.008549328256728161,0.2982955006493581,0.07813153870950634,0.0,0.828 ± 0.103,0.741 ± 0.118
HIV,cvae,drop_idx_16,0.9629629629629629,0.9782886334610472,0.01532567049808431,2.746236469015943,0.12206859956502022,0.41935483870967744,0.848 ± 0.074,0.779 ± 0.084
breast_cancer,cvae,drop_idx_16,0.9697802197802198,0.9677617051906241,-0.002018514589595677,0.3376369307198085,0.08369822106012734,0.034482758620689655,0.567 ± 0.043,0.556 ± 0.093
HIV,iid_columnwise,drop_idx_16,0.9855072463768116,0.9782886334610472,-0.007218612915764422,0.6910873744001084,0.3039178506809817,0.0,0.617 ± 0.044,0.566 ± 0.075
breast_cancer,iid_columnwise,drop_idx_16,0.9598893499308437,0.9677617051906241,0.007872355259780361,0.06351046662491613,0.20067020743172592,0.0,0.629 ± 0.061,0.554 ± 0.129
HIV,bootstrap,drop_idx_17,0.9927007299270073,0.9714103265827404,-0.021290403344266906,0.7580751007302697,0.07191271097873798,0.0,0.630 ± 0.081,0.450 ± 0.120
breast_cancer,bootstrap,drop_idx_17,0.9846153846153847,0.9678216335223329,-0.016793751093051812,0.08745267067414747,0.029348112625959367,0.0,0.546 ± 0.044,0.507 ± 0.079
HIV,gmm,drop_idx_17,0.9774436090225563,0.9714103265827404,-0.006033282439815935,1.1907294057173112,0.09404539179778228,0.06451612903225806,0.935 ± 0.061,0.883 ± 0.087
breast_cancer,gmm,drop_idx_17,0.9622377622377623,0.9678216335223329,0.005583871284570607,0.2951640899577908,0.0675813653754958,0.034482758620689655,0.809 ± 0.076,0.676 ± 0.129
HIV,cvae,drop_idx_17,0.9777777777777777,0.9714103265827404,-0.006367451195037344,2.6976266518850958,0.1256920835352552,0.3870967741935484,0.856 ± 0.052,0.791 ± 0.055
breast_cancer,cvae,drop_idx_17,0.9724517906336089,0.9678216335223329,-0.004630157111276012,0.3126484702133448,0.09228210447134742,0.06896551724137931,0.546 ± 0.042,0.579 ± 0.059
HIV,iid_columnwise,drop_idx_17,0.9855072463768116,0.9714103265827404,-0.014096919794071239,0.6988481481543293,0.30351039429402277,0.0,0.609 ± 0.044,0.563 ± 0.081
breast_cancer,iid_columnwise,drop_idx_17,0.9598893499308437,0.9678216335223329,0.00793228359148912,0.0632247870442145,0.20086824471598402,0.0,0.658 ± 0.070,0.594 ± 0.144
HIV,bootstrap,drop_idx_18,0.9927007299270073,0.9782886334610472,-0.01441209646596009,0.7684061298112196,0.07334263254012138,0.0,0.632 ± 0.090,0.432 ± 0.117
breast_cancer,bootstrap,drop_idx_18,0.9859943977591037,0.9678596852727133,-0.018134712486390425,0.08733937652492557,0.024843534513447018,0.0,0.585 ± 0.060,0.484 ± 0.087
HIV,gmm,drop_idx_18,0.9774436090225563,0.9782886334610472,0.0008450244384908823,1.406346844281422,0.0955599346746726,0.03225806451612903,0.956 ± 0.053,0.894 ± 0.065
breast_cancer,gmm,drop_idx_18,0.9594405594405594,0.9678596852727133,0.008419125832153873,0.3115372093480065,0.07767868858446757,0.0,0.784 ± 0.087,0.700 ± 0.123
HIV,cvae,drop_idx_18,0.9850746268656716,0.9782886334610472,-0.00678599340462438,2.5823335052827106,0.12293354043249234,0.3548387096774194,0.856 ± 0.058,0.781 ± 0.063
breast_cancer,cvae,drop_idx_18,0.9684499314128944,0.9678596852727133,-0.0005902461401811054,0.32224696496833755,0.09402891329360827,0.0,0.592 ± 0.090,0.585 ± 0.089
HIV,iid_columnwise,drop_idx_18,0.9855072463768116,0.9782886334610472,-0.007218612915764422,0.7035196692790673,0.306747281431838,0.0,0.612 ± 0.057,0.571 ± 0.083
breast_cancer,iid_columnwise,drop_idx_18,0.961218836565097,0.9678596852727133,0.006640848707616276,0.06302843380581773,0.2046568733622566,0.0,0.628 ± 0.067,0.578 ± 0.071
HIV,bootstrap,drop_idx_19,0.9927007299270073,0.9714103265827404,-0.021290403344266906,0.7661729787907124,0.07282931379771813,0.0,0.636 ± 0.085,0.421 ± 0.107
breast_cancer,bootstrap,drop_idx_19,0.9831932773109243,0.9690268602843102,-0.014166417026614142,0.08596590809581998,0.029399694341775535,0.0,0.572 ± 0.056,0.472 ± 0.096
HIV,gmm,drop_idx_19,0.9925925925925926,0.9714103265827404,-0.02118226600985218,1.3430449120150711,0.08752463745826637,0.016129032258064516,0.938 ± 0.055,0.865 ± 0.077
breast_cancer,gmm,drop_idx_19,0.9622377622377623,0.9690268602843102,0.006789098046547926,0.24994313356698966,0.06716703722733135,0.06896551724137931,0.728 ± 0.092,0.649 ± 0.100
HIV,cvae,drop_idx_19,0.9925925925925926,0.9714103265827404,-0.02118226600985218,2.5222123589603282,0.1159652264705288,0.3870967741935484,0.845 ± 0.073,0.770 ± 0.041
breast_cancer,cvae,drop_idx_19,0.9641873278236914,0.9690268602843102,0.004839532460618745,0.3344953653479071,0.08819847914116334,0.13793103448275862,0.636 ± 0.095,0.570 ± 0.137
HIV,iid_columnwise,drop_idx_19,0.9855072463768116,0.9714103265827404,-0.014096919794071239,0.7127373802806442,0.30005444625314337,0.0,0.612 ± 0.051,0.596 ± 0.095
breast_cancer,iid_columnwise,drop_idx_19,0.9597780859916782,0.9690268602843102,0.009248774292631934,0.06175290841018876,0.1982672918902044,0.0,0.602 ± 0.067,0.557 ± 0.083
HIV,bootstrap,drop_idx_2,0.9927007299270073,0.9718518518518519,-0.020848878075155453,0.7493368983774066,0.0723969453279569,0.0,0.635 ± 0.100,0.402 ± 0.137
breast_cancer,bootstrap,drop_idx_2,0.9832402234636871,0.9680172720614364,-0.015222951402250717,0.08974065212174981,0.02934920273405489,0.0,0.558 ± 0.038,0.466 ± 0.093
diabetes,bootstrap,drop_idx_2,0.864244741873805,0.614417267508245,-0.24982747436555997,0.04789249863551985,0.02515716159991364,0.0,0.604 ± 0.052,0.483 ± 0.159
HIV,gmm,drop_idx_2,0.9927007299270073,0.9718518518518519,-0.020848878075155453,1.4574820613846942,0.09199305009493705,0.04838709677419355,0.935 ± 0.057,0.872 ± 0.071
breast_cancer,gmm,drop_idx_2,0.9607843137254902,0.9680172720614364,0.007232958335946171,0.2927731777995331,0.08824062205564889,0.0,0.846 ± 0.066,0.775 ± 0.053
diabetes,gmm,drop_idx_2,0.6349206349206349,0.614417267508245,-0.020503367412389895,0.34798120280661443,0.023784917466847973,0.2857142857142857,0.691 ± 0.079,0.584 ± 0.096
HIV,cvae,drop_idx_2,0.9558823529411765,0.9718518518518519,0.01596949891067534,2.1987197552170636,0.12183351769650128,0.12903225806451613,0.862 ± 0.062,0.799 ± 0.063
breast_cancer,cvae,drop_idx_2,0.9713506139154161,0.9680172720614364,-0.00333334185397971,0.29890528762458085,0.07404809314289888,0.10344827586206896,0.633 ± 0.067,0.623 ± 0.063
diabetes,cvae,drop_idx_2,0.6043478260869565,0.614417267508245,0.010069441421288516,0.41976016679125866,0.07914568800574909,0.5714285714285714,0.770 ± 0.093,0.705 ± 0.107
HIV,iid_columnwise,drop_idx_2,0.9855072463768116,0.9718518518518519,-0.013655394524959785,0.6752054411145807,0.3043672877385439,0.0,0.610 ± 0.071,0.589 ± 0.084
breast_cancer,iid_columnwise,drop_idx_2,0.9583333333333334,0.9680172720614364,0.009683938728103025,0.06213294539395152,0.2069944964228117,0.0,0.632 ± 0.110,0.591 ± 0.112
diabetes,iid_columnwise,drop_idx_2,0.7,0.614417267508245,-0.08558273249175496,0.02421332521679165,0.12300672610733948,0.0,0.590 ± 0.051,0.558 ± 0.068
HIV,bootstrap,drop_idx_20,0.9927007299270073,0.9714103265827404,-0.021290403344266906,0.7614800095059019,0.07297707727580548,0.0,0.647 ± 0.089,0.410 ± 0.107
breast_cancer,bootstrap,drop_idx_20,0.9832402234636871,0.9634852599867056,-0.01975496347698147,0.08911130742888279,0.029106737998182343,0.0,0.609 ± 0.078,0.463 ± 0.076
HIV,gmm,drop_idx_20,0.9927007299270073,0.9714103265827404,-0.021290403344266906,1.2980656553968457,0.09343409742026558,0.04838709677419355,0.949 ± 0.060,0.881 ± 0.062
breast_cancer,gmm,drop_idx_20,0.9575070821529745,0.9634852599867056,0.005978177833731113,0.29251138638072827,0.07454247572705097,0.06896551724137931,0.811 ± 0.107,0.721 ± 0.139
HIV,cvae,drop_idx_20,0.9852941176470589,0.9714103265827404,-0.013883791064318474,2.602652145953706,0.11546644585724207,0.3548387096774194,0.861 ± 0.080,0.803 ± 0.087
breast_cancer,cvae,drop_idx_20,0.9707927677329624,0.9634852599867056,-0.0073075077462567695,0.34147171018055145,0.07907156678602453,0.06896551724137931,0.612 ± 0.072,0.596 ± 0.085
HIV,iid_columnwise,drop_idx_20,0.9927007299270073,0.9714103265827404,-0.021290403344266906,0.7131470868215176,0.30112783010049465,0.0,0.617 ± 0.064,0.572 ± 0.100
breast_cancer,iid_columnwise,drop_idx_20,0.9597780859916782,0.9634852599867056,0.003707173995027402,0.06104676339017877,0.20557811308798013,0.0,0.605 ± 0.088,0.561 ± 0.084
HIV,bootstrap,drop_idx_21,0.9927007299270073,0.9714103265827404,-0.021290403344266906,0.7593337399396839,0.0719700852215904,0.0,0.648 ± 0.088,0.409 ± 0.107
breast_cancer,bootstrap,drop_idx_21,0.9845722300140253,0.9646240050228003,-0.01994822499122495,0.08690575454838403,0.028551364922564295,0.0,0.587 ± 0.073,0.468 ± 0.079
HIV,gmm,drop_idx_21,0.9777777777777777,0.9714103265827404,-0.006367451195037344,1.208301353394074,0.09075129300017469,0.04838709677419355,0.954 ± 0.040,0.847 ± 0.079
breast_cancer,gmm,drop_idx_21,0.9577464788732394,0.9646240050228003,0.006877526149560942,0.32135947080949046,0.07611407014167978,0.034482758620689655,0.808 ± 0.076,0.724 ± 0.067
HIV,cvae,drop_idx_21,0.9710144927536232,0.9714103265827404,0.0003958338291172314,2.619409435005361,0.11593704633347612,0.3870967741935484,0.851 ± 0.076,0.780 ± 0.078
breast_cancer,cvae,drop_idx_21,0.9680998613037448,0.9646240050228003,-0.0034758562809444893,0.35413379009982476,0.07469239684218054,0.06896551724137931,0.574 ± 0.059,0.534 ± 0.102
HIV,iid_columnwise,drop_idx_21,1.0,0.9714103265827404,-0.028589673417259598,0.7071002462064074,0.2967474443951015,0.0,0.593 ± 0.055,0.523 ± 0.083
breast_cancer,iid_columnwise,drop_idx_21,0.9626556016597511,0.9646240050228003,0.0019684033630492648,0.060254286062950246,0.21051000395036915,0.0,0.631 ± 0.074,0.534 ± 0.124
HIV,bootstrap,drop_idx_22,0.9927007299270073,0.9714103265827404,-0.021290403344266906,0.7629733918190583,0.0728776293476735,0.0,0.650 ± 0.076,0.428 ± 0.106
breast_cancer,bootstrap,drop_idx_22,0.9860724233983287,0.9748406350313907,-0.011231788366937945,0.08504980010506742,0.029174263110593134,0.0,0.609 ± 0.086,0.487 ± 0.091
HIV,gmm,drop_idx_22,0.9927007299270073,0.9714103265827404,-0.021290403344266906,1.2625217745819062,0.08694754224162812,0.0,0.960 ± 0.033,0.908 ± 0.056
breast_cancer,gmm,drop_idx_22,0.9544159544159544,0.9748406350313907,0.02042468061543634,0.2902270402150202,0.0821368594862458,0.0,0.824 ± 0.085,0.752 ± 0.101
HIV,cvae,drop_idx_22,0.9852941176470589,0.9714103265827404,-0.013883791064318474,2.3833213982059966,0.11628895552486926,0.3709677419354839,0.805 ± 0.078,0.704 ± 0.101
breast_cancer,cvae,drop_idx_22,0.9566433566433566,0.9748406350313907,0.018197278388034088,0.3663640756382114,0.0809215101292238,0.10344827586206896,0.587 ± 0.065,0.531 ± 0.118
HIV,iid_columnwise,drop_idx_22,1.0,0.9714103265827404,-0.028589673417259598,0.7074923506025752,0.2973079988091141,0.0,0.603 ± 0.052,0.508 ± 0.075
breast_cancer,iid_columnwise,drop_idx_22,0.9556786703601108,0.9748406350313907,0.019161964671279952,0.0656290680472439,0.20496900533855625,0.0,0.588 ± 0.092,0.536 ± 0.067
HIV,bootstrap,drop_idx_23,0.9927007299270073,0.9714103265827404,-0.021290403344266906,0.7547774210430511,0.07124711432537674,0.0,0.650 ± 0.084,0.430 ± 0.097
breast_cancer,bootstrap,drop_idx_23,0.9846582984658299,0.9721040530417339,-0.012554245424096,0.08845119460079456,0.029021968180656617,0.0,0.598 ± 0.079,0.495 ± 0.072
HIV,gmm,drop_idx_23,0.9925925925925926,0.9714103265827404,-0.02118226600985218,1.3775274463275253,0.08917726062750088,0.06451612903225806,0.962 ± 0.029,0.905 ± 0.063
breast_cancer,gmm,drop_idx_23,0.965034965034965,0.9721040530417339,0.007069088006768864,0.2749693292202658,0.07871471367347728,0.0,0.802 ± 0.144,0.733 ± 0.125
HIV,cvae,drop_idx_23,0.9852941176470589,0.9714103265827404,-0.013883791064318474,2.53485844250282,0.11879716788125788,0.3870967741935484,0.813 ± 0.065,0.767 ± 0.072
breast_cancer,cvae,drop_idx_23,0.9665738161559888,0.9721040530417339,0.0055302368857450546,0.3371788142943867,0.07962264950832755,0.034482758620689655,0.576 ± 0.039,0.524 ± 0.097
HIV,iid_columnwise,drop_idx_23,0.9927007299270073,0.9714103265827404,-0.021290403344266906,0.7070074233990163,0.29869926518846707,0.0,0.616 ± 0.064,0.500 ± 0.081
breast_cancer,iid_columnwise,drop_idx_23,0.9555555555555556,0.9721040530417339,0.01654849748617826,0.0653191750367462,0.20447164125522707,0.0,0.606 ± 0.094,0.535 ± 0.070
HIV,bootstrap,drop_idx_24,0.9927007299270073,0.9714103265827404,-0.021290403344266906,0.7533226588820902,0.07269811114615955,0.0,0.652 ± 0.090,0.428 ± 0.098
breast_cancer,bootstrap,drop_idx_24,0.9859943977591037,0.9692837726272376,-0.016710625131866053,0.08977378272069875,0.028910316365627527,0.0,0.595 ± 0.069,0.513 ± 0.092
HIV,gmm,drop_idx_24,0.9855072463768116,0.9714103265827404,-0.014096919794071239,1.296259351865793,0.09080317208081702,0.12903225806451613,0.968 ± 0.032,0.900 ± 0.078
breast_cancer,gmm,drop_idx_24,0.9563994374120957,0.9692837726272376,0.012884335215141984,0.29667336662466254,0.08460391248494079,0.0,0.820 ± 0.137,0.744 ± 0.163
HIV,cvae,drop_idx_24,0.9635036496350365,0.9714103265827404,0.007906676947703861,2.5637964876358477,0.12091329362778043,0.4032258064516129,0.831 ± 0.066,0.770 ± 0.067
breast_cancer,cvae,drop_idx_24,0.9654218533886584,0.9692837726272376,0.003861919238579259,0.31983758365509546,0.07307897363620834,0.034482758620689655,0.607 ± 0.056,0.574 ± 0.073
HIV,iid_columnwise,drop_idx_24,0.9927007299270073,0.9714103265827404,-0.021290403344266906,0.7007481226335132,0.2984332234786853,0.0,0.634 ± 0.067,0.531 ± 0.069
breast_cancer,iid_columnwise,drop_idx_24,0.9597780859916782,0.9692837726272376,0.009505686635559396,0.06642478487885214,0.20343322700916475,0.0,0.624 ± 0.065,0.570 ± 0.064
HIV,bootstrap,drop_idx_25,0.9927007299270073,0.9714103265827404,-0.021290403344266906,0.7596983508894642,0.07247843681024257,0.0,0.654 ± 0.067,0.436 ± 0.093
breast_cancer,bootstrap,drop_idx_25,0.9873772791023843,0.9678457740061404,-0.019531505096243906,0.08994795870414601,0.028544991857166642,0.0,0.566 ± 0.078,0.489 ± 0.104
HIV,gmm,drop_idx_25,0.9925925925925926,0.9714103265827404,-0.02118226600985218,1.2504576772770533,0.09297345204705969,0.08064516129032258,0.962 ± 0.037,0.900 ± 0.061
breast_cancer,gmm,drop_idx_25,0.9565217391304348,0.9678457740061404,0.011324034875705546,0.28788028032578517,0.06942630372111178,0.034482758620689655,0.814 ± 0.092,0.699 ± 0.135
HIV,cvae,drop_idx_25,0.9925925925925926,0.9714103265827404,-0.02118226600985218,2.4680210450308233,0.12535433425035208,0.3870967741935484,0.824 ± 0.072,0.749 ± 0.077
breast_cancer,cvae,drop_idx_25,0.9624478442280946,0.9678457740061404,0.0053979297780457625,0.35389322405385704,0.07154210106135991,0.10344827586206896,0.567 ± 0.059,0.580 ± 0.054
HIV,iid_columnwise,drop_idx_25,0.9927007299270073,0.9714103265827404,-0.021290403344266906,0.6983325670346628,0.29598664989501405,0.0,0.618 ± 0.069,0.510 ± 0.115
breast_cancer,iid_columnwise,drop_idx_25,0.9583333333333334,0.9678457740061404,0.009512440672806988,0.06557202281517005,0.2017039933300517,0.0,0.644 ± 0.070,0.593 ± 0.073
HIV,bootstrap,drop_idx_26,0.9927007299270073,0.9714103265827404,-0.021290403344266906,0.7462954262632097,0.07241698885821271,0.0,0.655 ± 0.064,0.444 ± 0.089
breast_cancer,bootstrap,drop_idx_26,0.9874125874125874,0.9678022192890715,-0.01961036812351591,0.08753017691189655,0.028906500578338958,0.0,0.569 ± 0.061,0.501 ± 0.067
HIV,gmm,drop_idx_26,0.9784172661870504,0.9714103265827404,-0.007006939604309981,1.291935956528237,0.08055275554312057,0.03225806451612903,0.967 ± 0.045,0.903 ± 0.070
breast_cancer,gmm,drop_idx_26,0.9534555712270804,0.9678022192890715,0.014346648061991152,0.30732620496302643,0.07680572597032895,0.0,0.867 ± 0.040,0.757 ± 0.071
HIV,cvae,drop_idx_26,0.9850746268656716,0.9714103265827404,-0.013664300282931197,2.450273810573671,0.12050812948284777,0.3870967741935484,0.774 ± 0.097,0.719 ± 0.085
breast_cancer,cvae,drop_idx_26,0.9605633802816902,0.9678022192890715,0.007238839007381315,0.3174444805505766,0.07209145604737341,0.034482758620689655,0.568 ± 0.055,0.586 ± 0.088
HIV,iid_columnwise,drop_idx_26,1.0,0.9714103265827404,-0.028589673417259598,0.6936186283263374,0.30185693536500763,0.0,0.631 ± 0.063,0.494 ± 0.107
breast_cancer,iid_columnwise,drop_idx_26,0.9584487534626038,0.9678022192890715,0.009353465826467677,0.06844273836650278,0.2015212025102409,0.0,0.641 ± 0.070,0.591 ± 0.044
HIV,bootstrap,drop_idx_27,0.9927007299270073,0.9714103265827404,-0.021290403344266906,0.7559538402020617,0.0725387219149832,0.0,0.666 ± 0.070,0.435 ± 0.091
breast_cancer,bootstrap,drop_idx_27,0.9845722300140253,0.9662036954005202,-0.018368534613505072,0.08972149349221745,0.02902727171521163,0.0,0.596 ± 0.071,0.473 ± 0.057
HIV,gmm,drop_idx_27,0.9925925925925926,0.9714103265827404,-0.02118226600985218,1.3094059224898837,0.09053946216850506,0.08064516129032258,0.959 ± 0.027,0.891 ± 0.062
breast_cancer,gmm,drop_idx_27,0.9553072625698324,0.9662036954005202,0.010896432830687752,0.299085898773335,0.08018373925433424,0.0,0.797 ± 0.114,0.723 ± 0.151
HIV,cvae,drop_idx_27,0.9784172661870504,0.9714103265827404,-0.007006939604309981,2.319205042333894,0.11912799209568334,0.3709677419354839,0.811 ± 0.077,0.731 ± 0.072
breast_cancer,cvae,drop_idx_27,0.9667590027700831,0.9662036954005202,-0.0005553073695628852,0.35868733467183556,0.08301104841617019,0.034482758620689655,0.594 ± 0.081,0.526 ± 0.120
HIV,iid_columnwise,drop_idx_27,0.9927007299270073,0.9714103265827404,-0.021290403344266906,0.6980771740904118,0.29985243319130295,0.0,0.645 ± 0.053,0.516 ± 0.135
breast_cancer,iid_columnwise,drop_idx_27,0.9505494505494505,0.9662036954005202,0.0156542448510697,0.07417129555908196,0.20290302527844023,0.0,0.642 ± 0.070,0.589 ± 0.053
HIV,bootstrap,drop_idx_28,0.9927007299270073,0.9714103265827404,-0.021290403344266906,0.764582797380958,0.07174823648200879,0.0,0.672 ± 0.083,0.409 ± 0.080
breast_cancer,bootstrap,drop_idx_28,0.9831932773109243,0.9649271094604213,-0.018266167850503057,0.08712612447337487,0.02900799223512925,0.0,0.583 ± 0.055,0.476 ± 0.077
HIV,gmm,drop_idx_28,0.9925925925925926,0.9714103265827404,-0.02118226600985218,1.2719302000708592,0.08973094475231094,0.04838709677419355,0.944 ± 0.051,0.880 ± 0.077
breast_cancer,gmm,drop_idx_28,0.9592123769338959,0.9649271094604213,0.0057147325265253235,0.30226944701018793,0.07368786308586289,0.034482758620689655,0.789 ± 0.097,0.692 ± 0.115
HIV,cvae,drop_idx_28,0.9781021897810219,0.9714103265827404,-0.006691863198281522,2.4031971482526644,0.1179188709920566,0.45161290322580644,0.810 ± 0.061,0.748 ± 0.068
breast_cancer,cvae,drop_idx_28,0.9621318373071529,0.9649271094604213,0.0027952721532683578,0.34406765927984073,0.06961961675426372,0.034482758620689655,0.599 ± 0.040,0.575 ± 0.077
HIV,iid_columnwise,drop_idx_28,1.0,0.9714103265827404,-0.028589673417259598,0.6975029746554626,0.29891939683829977,0.0,0.642 ± 0.052,0.527 ± 0.125
breast_cancer,iid_columnwise,drop_idx_28,0.9546079779917469,0.9649271094604213,0.010319131468674358,0.0736176509134612,0.202176924394538,0.0,0.664 ± 0.064,0.592 ± 0.089
HIV,bootstrap,drop_idx_29,0.9927007299270073,0.9714103265827404,-0.021290403344266906,0.7592891279887808,0.07207367162962366,0.0,0.668 ± 0.073,0.436 ± 0.079
breast_cancer,bootstrap,drop_idx_29,0.9831932773109243,0.9705203258802791,-0.012672951430645174,0.08726998034189618,0.029261930327242596,0.0,0.585 ± 0.040,0.500 ± 0.084
HIV,gmm,drop_idx_29,0.9925925925925926,0.9714103265827404,-0.02118226600985218,1.4246732119461802,0.09290381943458643,0.04838709677419355,0.976 ± 0.027,0.949 ± 0.056
breast_cancer,gmm,drop_idx_29,0.9578651685393258,0.9705203258802791,0.012655157340953349,0.3066719685915764,0.07903898098258576,0.0,0.756 ± 0.132,0.697 ± 0.156
HIV,cvae,drop_idx_29,0.9925925925925926,0.9714103265827404,-0.02118226600985218,2.595219578473877,0.1202876396005837,0.41935483870967744,0.839 ± 0.042,0.774 ± 0.039
breast_cancer,cvae,drop_idx_29,0.9608938547486033,0.9705203258802791,0.009626471131675807,0.307154102398417,0.07940124014226842,0.0,0.583 ± 0.050,0.575 ± 0.071
HIV,iid_columnwise,drop_idx_29,1.0,0.9714103265827404,-0.028589673417259598,0.7017841664425953,0.2954456106698254,0.0,0.629 ± 0.042,0.528 ± 0.126
breast_cancer,iid_columnwise,drop_idx_29,0.9546079779917469,0.9705203258802791,0.01591234788853224,0.07345819497658307,0.19548557490849852,0.0,0.643 ± 0.053,0.579 ± 0.069
HIV,bootstrap,drop_idx_3,0.9927007299270073,0.9718518518518519,-0.020848878075155453,0.7527157599357284,0.07230023139763353,0.0,0.634 ± 0.099,0.422 ± 0.142
breast_cancer,bootstrap,drop_idx_3,0.9832402234636871,0.9693210037572323,-0.013919219706454822,0.08524924563610035,0.02933602201626487,0.0,0.559 ± 0.037,0.464 ± 0.105
diabetes,bootstrap,drop_idx_3,0.8735632183908046,0.6239196985592287,-0.24964351983157596,0.05594879128091667,0.02317914886629019,0.0,0.580 ± 0.066,0.484 ± 0.153
HIV,gmm,drop_idx_3,0.9927007299270073,0.9718518518518519,-0.020848878075155453,1.3841231394187694,0.08986937563102036,0.04838709677419355,0.901 ± 0.076,0.829 ± 0.084
breast_cancer,gmm,drop_idx_3,0.9534555712270804,0.9693210037572323,0.015865432530151935,0.27949914882290866,0.07746102258784367,0.034482758620689655,0.826 ± 0.083,0.732 ± 0.096
diabetes,gmm,drop_idx_3,0.6517311608961304,0.6239196985592287,-0.027811462336901682,0.32175182664989915,0.028519690770007704,0.2857142857142857,0.687 ± 0.117,0.573 ± 0.160
HIV,cvae,drop_idx_3,0.9777777777777777,0.9718518518518519,-0.00592592592592589,2.318493298445135,0.12272713072532516,0.12903225806451613,0.834 ± 0.042,0.762 ± 0.067
breast_cancer,cvae,drop_idx_3,0.9642857142857143,0.9693210037572323,0.00503528947151799,0.3328569205947521,0.07386679837245778,0.10344827586206896,0.664 ± 0.071,0.576 ± 0.107
diabetes,cvae,drop_idx_3,0.6387225548902196,0.6239196985592287,-0.014802856330990877,0.5823711855349301,0.06445472656801722,0.5714285714285714,0.789 ± 0.076,0.737 ± 0.082
HIV,iid_columnwise,drop_idx_3,0.9855072463768116,0.9718518518518519,-0.013655394524959785,0.6668581160279043,0.3047935276657109,0.0,0.624 ± 0.067,0.610 ± 0.081
breast_cancer,iid_columnwise,drop_idx_3,0.957004160887656,0.9693210037572323,0.012316842869576239,0.06402541860411246,0.20663598125440547,0.0,0.640 ± 0.077,0.594 ± 0.086
diabetes,iid_columnwise,drop_idx_3,0.690566037735849,0.6239196985592287,-0.06664633917662033,0.02799639131839848,0.11718192185737843,0.0,0.598 ± 0.060,0.527 ± 0.139
HIV,bootstrap,drop_idx_30,0.9927007299270073,0.9718518518518519,-0.020848878075155453,0.7542478398682388,0.07203639940929232,0.0,0.647 ± 0.084,0.426 ± 0.097
HIV,gmm,drop_idx_30,0.9925925925925926,0.9718518518518519,-0.020740740740740726,1.2832783123576474,0.09088621271563191,0.016129032258064516,0.954 ± 0.058,0.914 ± 0.086
HIV,cvae,drop_idx_30,0.9927007299270073,0.9718518518518519,-0.020848878075155453,2.371290145332318,0.12010942736663914,0.46774193548387094,0.828 ± 0.051,0.740 ± 0.044
HIV,iid_columnwise,drop_idx_30,1.0,0.9718518518518519,-0.028148148148148144,0.706918910073857,0.2957641895486843,0.0,0.634 ± 0.070,0.531 ± 0.165
HIV,bootstrap,drop_idx_31,0.9927007299270073,0.9718518518518519,-0.020848878075155453,0.7599028766240278,0.07197172207756672,0.0,0.638 ± 0.085,0.439 ± 0.091
HIV,gmm,drop_idx_31,0.9850746268656716,0.9718518518518519,-0.013222775013819743,1.2819152918196177,0.09554324384859925,0.0,0.948 ± 0.058,0.891 ± 0.078
HIV,cvae,drop_idx_31,0.9705882352941176,0.9718518518518519,0.001263616557734215,2.546999430425162,0.12852983978767762,0.3064516129032258,0.861 ± 0.061,0.797 ± 0.061
HIV,iid_columnwise,drop_idx_31,1.0,0.9718518518518519,-0.028148148148148144,0.7065437349271819,0.29552610125994705,0.0,0.623 ± 0.076,0.530 ± 0.148
HIV,bootstrap,drop_idx_32,0.9927007299270073,0.9782886334610472,-0.01441209646596009,0.7589812061384258,0.07128909967050254,0.0,0.642 ± 0.067,0.421 ± 0.086
HIV,gmm,drop_idx_32,0.9925925925925926,0.9782886334610472,-0.014303959131545363,1.301889484503609,0.08475491736494883,0.03225806451612903,0.949 ± 0.064,0.881 ± 0.079
HIV,cvae,drop_idx_32,0.9850746268656716,0.9782886334610472,-0.00678599340462438,2.597875725273313,0.11985466016826002,0.3387096774193548,0.828 ± 0.074,0.754 ± 0.088
HIV,iid_columnwise,drop_idx_32,0.9927007299270073,0.9782886334610472,-0.01441209646596009,0.7090724046739213,0.29729092849994365,0.0,0.634 ± 0.072,0.565 ± 0.121
HIV,bootstrap,drop_idx_33,0.9927007299270073,0.9714103265827404,-0.021290403344266906,0.7544783102285691,0.07173755329320536,0.0,0.658 ± 0.077,0.409 ± 0.091
HIV,gmm,drop_idx_33,0.9850746268656716,0.9714103265827404,-0.013664300282931197,1.647178375317594,0.09077565011405186,0.03225806451612903,0.949 ± 0.056,0.872 ± 0.115
HIV,cvae,drop_idx_33,0.9855072463768116,0.9714103265827404,-0.014096919794071239,2.6751757419953073,0.12643699380002757,0.3225806451612903,0.832 ± 0.064,0.768 ± 0.065
HIV,iid_columnwise,drop_idx_33,1.0,0.9714103265827404,-0.028589673417259598,0.7115360677439462,0.295142548722183,0.0,0.628 ± 0.073,0.552 ± 0.124
HIV,bootstrap,drop_idx_34,0.9927007299270073,0.9714103265827404,-0.021290403344266906,0.7532021107209381,0.07212388875960685,0.0,0.652 ± 0.068,0.404 ± 0.074
HIV,gmm,drop_idx_34,1.0,0.9714103265827404,-0.028589673417259598,1.3054489323116474,0.08506928673332735,0.016129032258064516,0.959 ± 0.055,0.898 ± 0.093
HIV,cvae,drop_idx_34,0.9850746268656716,0.9714103265827404,-0.013664300282931197,2.5176450959774854,0.12276130127673666,0.3064516129032258,0.830 ± 0.068,0.779 ± 0.058
HIV,iid_columnwise,drop_idx_34,1.0,0.9714103265827404,-0.028589673417259598,0.7066749382302969,0.2980286888631342,0.0,0.624 ± 0.068,0.556 ± 0.118
HIV,bootstrap,drop_idx_35,0.9927007299270073,0.9714103265827404,-0.021290403344266906,0.7409484281406755,0.07219490486652572,0.0,0.654 ± 0.055,0.407 ± 0.068
HIV,gmm,drop_idx_35,1.0,0.9714103265827404,-0.028589673417259598,1.173820921433916,0.08790950922325705,0.04838709677419355,0.939 ± 0.060,0.870 ± 0.109
HIV,cvae,drop_idx_35,0.9774436090225563,0.9714103265827404,-0.006033282439815935,2.5494016496075393,0.12644994587130556,0.27419354838709675,0.853 ± 0.053,0.780 ± 0.068
HIV,iid_columnwise,drop_idx_35,1.0,0.9714103265827404,-0.028589673417259598,0.7117404240377173,0.29641985129598797,0.0,0.632 ± 0.087,0.556 ± 0.140
HIV,bootstrap,drop_idx_36,0.9927007299270073,0.9714103265827404,-0.021290403344266906,0.7538783541906313,0.07167131920437234,0.0,0.651 ± 0.057,0.399 ± 0.069
HIV,gmm,drop_idx_36,1.0,0.9714103265827404,-0.028589673417259598,1.3253226133937337,0.09371696113973095,0.016129032258064516,0.960 ± 0.037,0.897 ± 0.050
HIV,cvae,drop_idx_36,0.9696969696969697,0.9714103265827404,0.0017133568857706782,2.5426137892931835,0.1257432656602883,0.27419354838709675,0.826 ± 0.065,0.764 ± 0.075
HIV,iid_columnwise,drop_idx_36,1.0,0.9714103265827404,-0.028589673417259598,0.7045243642335246,0.2932972101818092,0.0,0.636 ± 0.079,0.553 ± 0.158
HIV,bootstrap,drop_idx_37,0.9927007299270073,0.964973544973545,-0.02772718495346227,0.753217216359716,0.0716870872035022,0.0,0.650 ± 0.060,0.404 ± 0.062
HIV,gmm,drop_idx_37,0.9852941176470589,0.964973544973545,-0.020320572673513837,1.2167856944387645,0.08169542894605748,0.016129032258064516,0.930 ± 0.062,0.864 ± 0.102
HIV,cvae,drop_idx_37,0.9481481481481482,0.964973544973545,0.016825396825396854,2.6738463035536615,0.12702848180674595,0.3225806451612903,0.877 ± 0.035,0.799 ± 0.059
HIV,iid_columnwise,drop_idx_37,1.0,0.964973544973545,-0.03502645502645496,0.7085667747596504,0.29358095813797747,0.0,0.649 ± 0.088,0.566 ± 0.167
HIV,bootstrap,drop_idx_38,0.9927007299270073,0.9714103265827404,-0.021290403344266906,0.7582117464365339,0.07177585352541228,0.0,0.639 ± 0.065,0.403 ± 0.058
HIV,gmm,drop_idx_38,1.0,0.9714103265827404,-0.028589673417259598,1.310142358710388,0.09669477258654474,0.016129032258064516,0.975 ± 0.028,0.917 ± 0.059
HIV,cvae,drop_idx_38,0.9618320610687023,0.9714103265827404,0.009578265514038065,2.7820520200984387,0.12374614345269053,0.22580645161290322,0.858 ± 0.068,0.756 ± 0.053
HIV,iid_columnwise,drop_idx_38,1.0,0.9714103265827404,-0.028589673417259598,0.7079830498821962,0.2973357560963812,0.0,0.658 ± 0.072,0.554 ± 0.158
HIV,bootstrap,drop_idx_39,0.9927007299270073,0.9714103265827404,-0.021290403344266906,0.7588447990932682,0.0718042021380226,0.0,0.639 ± 0.068,0.416 ± 0.070
HIV,gmm,drop_idx_39,1.0,0.9714103265827404,-0.028589673417259598,1.3367711956322172,0.08608631198672333,0.016129032258064516,0.936 ± 0.067,0.895 ± 0.077
HIV,cvae,drop_idx_39,0.9701492537313433,0.9714103265827404,0.0012610728513970937,2.6184502550018127,0.1234093953114633,0.22580645161290322,0.875 ± 0.059,0.793 ± 0.080
HIV,iid_columnwise,drop_idx_39,1.0,0.9714103265827404,-0.028589673417259598,0.7077296111798832,0.2957110545675801,0.0,0.646 ± 0.088,0.507 ± 0.180
HIV,bootstrap,drop_idx_4,0.9927007299270073,0.9718518518518519,-0.020848878075155453,0.7241535613309129,0.07176826614517762,0.0,0.636 ± 0.086,0.410 ± 0.127
breast_cancer,bootstrap,drop_idx_4,0.9832402234636871,0.9692069716855782,-0.01403325177810888,0.08839169972645072,0.029510851492250613,0.0,0.573 ± 0.039,0.451 ± 0.091
diabetes,bootstrap,drop_idx_4,0.8614800759013282,0.6229810238305384,-0.2384990520707898,0.04324776599824748,0.0220211875092859,0.0,0.560 ± 0.043,0.475 ± 0.079
HIV,gmm,drop_idx_4,0.9927007299270073,0.9718518518518519,-0.020848878075155453,1.3375557538382055,0.09254363598671826,0.016129032258064516,0.897 ± 0.061,0.853 ± 0.079
breast_cancer,gmm,drop_idx_4,0.9488636363636364,0.9692069716855782,0.02034333532194188,0.31371392726329245,0.07777609801691977,0.0,0.825 ± 0.084,0.728 ± 0.115
diabetes,gmm,drop_idx_4,0.6392156862745098,0.6229810238305384,-0.016234662443971315,0.44085592654128175,0.024124468564026506,0.0,0.657 ± 0.071,0.609 ± 0.076
HIV,cvae,drop_idx_4,0.9428571428571428,0.9718518518518519,0.028994708994709018,2.2723177816263376,0.12291451947587692,0.11290322580645161,0.846 ± 0.066,0.783 ± 0.067
breast_cancer,cvae,drop_idx_4,0.9779005524861878,0.9692069716855782,-0.008693580800609557,0.2545048724984772,0.06270092483319313,0.13793103448275862,0.611 ± 0.082,0.583 ± 0.098
diabetes,cvae,drop_idx_4,0.647834274952919,0.6229810238305384,-0.02485325112238057,0.526444098046798,0.08389895650382731,0.42857142857142855,0.678 ± 0.089,0.616 ± 0.075
HIV,iid_columnwise,drop_idx_4,0.9855072463768116,0.9718518518518519,-0.013655394524959785,0.6707678862886616,0.30272554388232775,0.0,0.585 ± 0.048,0.552 ± 0.056
breast_cancer,iid_columnwise,drop_idx_4,0.957004160887656,0.9692069716855782,0.012202810797922181,0.0611075589588027,0.20422766623075694,0.0,0.632 ± 0.084,0.587 ± 0.085
diabetes,iid_columnwise,drop_idx_4,0.6666666666666666,0.6229810238305384,-0.04368564283612819,0.023444154832443092,0.12101935747450532,0.0,0.582 ± 0.054,0.510 ± 0.103
HIV,bootstrap,drop_idx_40,0.9927007299270073,0.9782886334610472,-0.01441209646596009,0.7621453552893109,0.07155745071799137,0.0,0.629 ± 0.069,0.428 ± 0.083
HIV,gmm,drop_idx_40,0.9927007299270073,0.9782886334610472,-0.01441209646596009,1.2468993037275744,0.09109606821803946,0.016129032258064516,0.955 ± 0.049,0.900 ± 0.075
HIV,cvae,drop_idx_40,0.9701492537313433,0.9782886334610472,0.00813937972970391,2.695034510651216,0.12058209676168857,0.20967741935483872,0.844 ± 0.058,0.780 ± 0.061
HIV,iid_columnwise,drop_idx_40,1.0,0.9782886334610472,-0.02171136653895278,0.7200570613809326,0.29658409795750346,0.0,0.606 ± 0.082,0.492 ± 0.145
HIV,bootstrap,drop_idx_41,0.9927007299270073,0.9718518518518519,-0.020848878075155453,0.7568162734670468,0.07214145676546922,0.0,0.631 ± 0.086,0.427 ± 0.087
HIV,gmm,drop_idx_41,1.0,0.9718518518518519,-0.028148148148148144,1.3449116119668054,0.09173982854345397,0.04838709677419355,0.960 ± 0.037,0.922 ± 0.047
HIV,cvae,drop_idx_41,0.9545454545454546,0.9718518518518519,0.01730639730639727,2.6544333554166526,0.1243787418283683,0.27419354838709675,0.854 ± 0.052,0.797 ± 0.053
HIV,iid_columnwise,drop_idx_41,0.9852941176470589,0.9718518518518519,-0.01344226579520702,0.6919310080728135,0.2948396009044723,0.0,0.597 ± 0.088,0.483 ± 0.141
HIV,bootstrap,drop_idx_42,0.9927007299270073,0.964002919175333,-0.028697810751674324,0.7619578935196902,0.0707111277495679,0.0,0.626 ± 0.087,0.439 ± 0.081
HIV,gmm,drop_idx_42,0.9850746268656716,0.964002919175333,-0.021071707690338615,1.2783421948034348,0.08975167217084697,0.016129032258064516,0.940 ± 0.064,0.884 ± 0.084
HIV,cvae,drop_idx_42,0.9696969696969697,0.964002919175333,-0.00569405052163674,2.7748906933210544,0.125089693881465,0.24193548387096775,0.828 ± 0.079,0.728 ± 0.106
HIV,iid_columnwise,drop_idx_42,0.9852941176470589,0.964002919175333,-0.021291198471725892,0.6977319536709528,0.30038018034376734,0.0,0.595 ± 0.076,0.489 ± 0.114
HIV,bootstrap,drop_idx_43,0.9927007299270073,0.9575661375661376,-0.03513459236086969,0.7564394387348536,0.07130034809991359,0.0,0.627 ± 0.091,0.428 ± 0.086
HIV,gmm,drop_idx_43,0.9925925925925926,0.9575661375661376,-0.03502645502645496,1.272658359550687,0.09202204082632917,0.03225806451612903,0.938 ± 0.066,0.897 ± 0.065
HIV,cvae,drop_idx_43,0.9774436090225563,0.9575661375661376,-0.019877471456418716,2.6378170366538365,0.11848506081067595,0.24193548387096775,0.848 ± 0.060,0.774 ± 0.065
HIV,iid_columnwise,drop_idx_43,0.9852941176470589,0.9575661375661376,-0.027727980080921255,0.689496628703689,0.29525566810610004,0.0,0.626 ± 0.086,0.514 ± 0.119
HIV,bootstrap,drop_idx_44,0.9927007299270073,0.964973544973545,-0.02772718495346227,0.7584833998868867,0.07149926066348203,0.0,0.634 ± 0.083,0.436 ± 0.096
HIV,gmm,drop_idx_44,0.9927007299270073,0.964973544973545,-0.02772718495346227,1.2492982853600265,0.09002310666889607,0.016129032258064516,0.973 ± 0.031,0.936 ± 0.049
HIV,cvae,drop_idx_44,0.9850746268656716,0.964973544973545,-0.02010108189212656,2.6542350109752055,0.11986559508693091,0.27419354838709675,0.867 ± 0.056,0.788 ± 0.061
HIV,iid_columnwise,drop_idx_44,0.9852941176470589,0.964973544973545,-0.020320572673513837,0.6886125215573217,0.2957361251006398,0.0,0.605 ± 0.092,0.525 ± 0.059
HIV,bootstrap,drop_idx_45,0.9927007299270073,0.964973544973545,-0.02772718495346227,0.7510132451592059,0.07129752085626624,0.0,0.640 ± 0.081,0.403 ± 0.096
HIV,gmm,drop_idx_45,0.9927007299270073,0.964973544973545,-0.02772718495346227,1.379982605891731,0.09112833930723212,0.016129032258064516,0.952 ± 0.070,0.900 ± 0.104
HIV,cvae,drop_idx_45,0.9850746268656716,0.964973544973545,-0.02010108189212656,2.566392415277418,0.1229453022858406,0.24193548387096775,0.808 ± 0.091,0.723 ± 0.112
HIV,iid_columnwise,drop_idx_45,0.9781021897810219,0.964973544973545,-0.013128644807476886,0.697750736913388,0.29760143484049845,0.0,0.618 ± 0.098,0.566 ± 0.085
HIV,bootstrap,drop_idx_46,0.9927007299270073,0.9644444444444444,-0.02825628548256287,0.7590768014941429,0.07235766584775258,0.0,0.650 ± 0.094,0.413 ± 0.095
HIV,gmm,drop_idx_46,1.0,0.9644444444444444,-0.03555555555555556,1.3016689707925984,0.09048058154118453,0.04838709677419355,0.966 ± 0.021,0.897 ± 0.044
HIV,cvae,drop_idx_46,0.9852941176470589,0.9644444444444444,-0.020849673202614438,2.73303120210956,0.1212950115463891,0.1935483870967742,0.852 ± 0.050,0.776 ± 0.069
HIV,iid_columnwise,drop_idx_46,0.9925925925925926,0.9644444444444444,-0.028148148148148144,0.6902001391556799,0.2953998607598209,0.0,0.604 ± 0.085,0.543 ± 0.060
HIV,bootstrap,drop_idx_47,0.9927007299270073,0.9644444444444444,-0.02825628548256287,0.7571626551715149,0.07255811878411876,0.0,0.639 ± 0.081,0.419 ± 0.068
HIV,gmm,drop_idx_47,1.0,0.9644444444444444,-0.03555555555555556,1.296754336171631,0.08979769239215607,0.03225806451612903,0.962 ± 0.031,0.897 ± 0.073
HIV,cvae,drop_idx_47,0.9852941176470589,0.9644444444444444,-0.020849673202614438,2.4342121393525007,0.1170774457883881,0.1935483870967742,0.792 ± 0.061,0.735 ± 0.057
HIV,iid_columnwise,drop_idx_47,0.9925925925925926,0.9644444444444444,-0.028148148148148144,0.69607995910663,0.2968867641517131,0.0,0.589 ± 0.082,0.529 ± 0.076
HIV,bootstrap,drop_idx_48,0.9927007299270073,0.9644444444444444,-0.02825628548256287,0.7595600889735876,0.07161778838788649,0.0,0.639 ± 0.078,0.432 ± 0.070
HIV,gmm,drop_idx_48,1.0,0.9644444444444444,-0.03555555555555556,1.2798629313668433,0.09082511471376561,0.016129032258064516,0.959 ± 0.034,0.875 ± 0.064
HIV,cvae,drop_idx_48,0.9774436090225563,0.9644444444444444,-0.0129991645781119,2.50955318222554,0.11700971082982611,0.20967741935483872,0.799 ± 0.090,0.765 ± 0.091
HIV,iid_columnwise,drop_idx_48,0.9925925925925926,0.9644444444444444,-0.028148148148148144,0.6966816666352699,0.2954358410042422,0.0,0.592 ± 0.072,0.513 ± 0.081
HIV,bootstrap,drop_idx_49,0.9927007299270073,0.9644444444444444,-0.02825628548256287,0.7575137674008116,0.07123587685597448,0.0,0.645 ± 0.082,0.427 ± 0.092
HIV,gmm,drop_idx_49,0.9855072463768116,0.9644444444444444,-0.021062801932367203,1.3209361660437013,0.08472577345330567,0.03225806451612903,0.944 ± 0.052,0.871 ± 0.095
HIV,cvae,drop_idx_49,0.9925925925925926,0.9644444444444444,-0.028148148148148144,2.420127137985249,0.11785206828635109,0.1774193548387097,0.828 ± 0.095,0.758 ± 0.075
HIV,iid_columnwise,drop_idx_49,0.9925925925925926,0.9644444444444444,-0.028148148148148144,0.6938690363318836,0.29521702915226977,0.0,0.578 ± 0.074,0.499 ± 0.068
HIV,bootstrap,drop_idx_5,0.9927007299270073,0.9718518518518519,-0.020848878075155453,0.7559164207648306,0.07135442322955396,0.0,0.638 ± 0.084,0.413 ± 0.125
breast_cancer,bootstrap,drop_idx_5,0.9832402234636871,0.9705278730064796,-0.012712350457207533,0.08863912996198069,0.02895296739040425,0.0,0.597 ± 0.076,0.438 ± 0.116
diabetes,bootstrap,drop_idx_5,0.8588007736943907,0.5919253445191235,-0.2668754291752672,0.056055620199488655,0.021761371433778886,0.0,0.566 ± 0.045,0.467 ± 0.092
HIV,gmm,drop_idx_5,0.9927007299270073,0.9718518518518519,-0.020848878075155453,1.170111868329272,0.07975325418053404,0.03225806451612903,0.932 ± 0.035,0.864 ± 0.034
breast_cancer,gmm,drop_idx_5,0.9534555712270804,0.9705278730064796,0.017072301779399224,0.28225304054226014,0.08493570758926025,0.0,0.837 ± 0.113,0.782 ± 0.098
diabetes,gmm,drop_idx_5,0.6163021868787276,0.5919253445191235,-0.024376842359604134,0.41519034257962784,0.026863967386252283,0.2857142857142857,0.706 ± 0.099,0.636 ± 0.099
HIV,cvae,drop_idx_5,0.9852941176470589,0.9718518518518519,-0.01344226579520702,2.430543500476752,0.12558867525468703,0.12903225806451613,0.818 ± 0.078,0.765 ± 0.080
breast_cancer,cvae,drop_idx_5,0.961218836565097,0.9705278730064796,0.00930903644138259,0.2895651273302828,0.07428926969827629,0.034482758620689655,0.585 ± 0.073,0.525 ± 0.120
diabetes,cvae,drop_idx_5,0.6092436974789915,0.5919253445191235,-0.017318352959868055,0.41357599600504624,0.07905931667304154,0.5714285714285714,0.745 ± 0.081,0.690 ± 0.074
HIV,iid_columnwise,drop_idx_5,0.9855072463768116,0.9718518518518519,-0.013655394524959785,0.6728372462597286,0.3031159466769646,0.0,0.597 ± 0.067,0.566 ± 0.096
breast_cancer,iid_columnwise,drop_idx_5,0.9584487534626038,0.9705278730064796,0.01207911954387575,0.060072288410863026,0.20118020827855362,0.0,0.628 ± 0.046,0.575 ± 0.087
diabetes,iid_columnwise,drop_idx_5,0.6515151515151515,0.5919253445191235,-0.059589806996028005,0.030817820244823168,0.13490552937074052,0.0,0.594 ± 0.071,0.511 ± 0.162
HIV,bootstrap,drop_idx_50,0.9927007299270073,0.9708812260536398,-0.021819503873367507,0.759795704828225,0.07069424363649321,0.0,0.652 ± 0.086,0.422 ± 0.086
HIV,gmm,drop_idx_50,0.9927007299270073,0.9708812260536398,-0.021819503873367507,1.3667300204293593,0.0874056866829623,0.016129032258064516,0.962 ± 0.031,0.907 ± 0.051
HIV,cvae,drop_idx_50,0.9774436090225563,0.9708812260536398,-0.006562382968916536,2.590669302945287,0.11548681482810103,0.1774193548387097,0.810 ± 0.057,0.723 ± 0.080
HIV,iid_columnwise,drop_idx_50,0.9925925925925926,0.9708812260536398,-0.02171136653895278,0.7047354683305576,0.2952759223103981,0.0,0.582 ± 0.069,0.502 ± 0.074
HIV,bootstrap,drop_idx_51,0.9927007299270073,0.9585696040868456,-0.03413112584016176,0.7575972670147769,0.07210249177619665,0.0,0.660 ± 0.094,0.440 ± 0.076
HIV,gmm,drop_idx_51,0.9925925925925926,0.9585696040868456,-0.03402298850574703,1.2750359345454496,0.08827783261100927,0.016129032258064516,0.932 ± 0.043,0.872 ± 0.059
HIV,cvae,drop_idx_51,0.9710144927536232,0.9585696040868456,-0.01244488866677762,2.579358695103982,0.12214810164631265,0.1774193548387097,0.820 ± 0.033,0.739 ± 0.065
HIV,iid_columnwise,drop_idx_51,0.9927007299270073,0.9585696040868456,-0.03413112584016176,0.6996664529347733,0.2946676012491982,0.0,0.582 ± 0.068,0.517 ± 0.066
HIV,bootstrap,drop_idx_52,0.9927007299270073,0.9644444444444444,-0.02825628548256287,0.7596010175642647,0.07114894321642046,0.0,0.660 ± 0.084,0.422 ± 0.068
HIV,gmm,drop_idx_52,0.9927007299270073,0.9644444444444444,-0.02825628548256287,1.2915209827549325,0.09057303766025711,0.03225806451612903,0.957 ± 0.046,0.903 ± 0.072
HIV,cvae,drop_idx_52,0.9925925925925926,0.9644444444444444,-0.028148148148148144,2.5281788932506712,0.11893660097313466,0.22580645161290322,0.840 ± 0.053,0.763 ± 0.056
HIV,iid_columnwise,drop_idx_52,0.9927007299270073,0.9644444444444444,-0.02825628548256287,0.7013831053373909,0.29629854195552874,0.0,0.595 ± 0.063,0.517 ± 0.054
HIV,bootstrap,drop_idx_53,0.9927007299270073,0.9644444444444444,-0.02825628548256287,0.7594495102861399,0.0713674817015044,0.0,0.646 ± 0.087,0.431 ± 0.069
HIV,gmm,drop_idx_53,1.0,0.9644444444444444,-0.03555555555555556,1.2997017089748235,0.08875140314734602,0.016129032258064516,0.961 ± 0.065,0.914 ± 0.114
HIV,cvae,drop_idx_53,0.9777777777777777,0.9644444444444444,-0.013333333333333308,2.6520261183235525,0.12012537342068405,0.20967741935483872,0.818 ± 0.036,0.723 ± 0.097
HIV,iid_columnwise,drop_idx_53,0.9927007299270073,0.9644444444444444,-0.02825628548256287,0.7104069968510452,0.29607668612687954,0.0,0.607 ± 0.063,0.530 ± 0.053
HIV,bootstrap,drop_idx_54,0.9927007299270073,0.9718518518518519,-0.020848878075155453,0.7446118715020138,0.07193758416269232,0.0,0.651 ± 0.091,0.417 ± 0.091
HIV,gmm,drop_idx_54,0.9927007299270073,0.9718518518518519,-0.020848878075155453,1.2581193944096636,0.08919427341963852,0.04838709677419355,0.970 ± 0.028,0.924 ± 0.053
HIV,cvae,drop_idx_54,0.9701492537313433,0.9718518518518519,0.0017025981205085472,2.5363887594945176,0.12270747615355605,0.25806451612903225,0.829 ± 0.048,0.769 ± 0.050
HIV,iid_columnwise,drop_idx_54,0.9927007299270073,0.9718518518518519,-0.020848878075155453,0.71115200588056,0.2988249204726763,0.0,0.611 ± 0.065,0.517 ± 0.064
HIV,bootstrap,drop_idx_55,0.9927007299270073,0.9782886334610472,-0.01441209646596009,0.7561850191864316,0.07158993647939231,0.0,0.643 ± 0.093,0.428 ± 0.089
HIV,gmm,drop_idx_55,0.9927007299270073,0.9782886334610472,-0.01441209646596009,1.2767372832262935,0.08981717259070042,0.016129032258064516,0.967 ± 0.032,0.908 ± 0.070
HIV,cvae,drop_idx_55,0.9701492537313433,0.9782886334610472,0.00813937972970391,2.496788154497241,0.12318164234488595,0.1935483870967742,0.837 ± 0.076,0.762 ± 0.098
HIV,iid_columnwise,drop_idx_55,0.9927007299270073,0.9782886334610472,-0.01441209646596009,0.7424929655550144,0.2991794642780447,0.0,0.604 ± 0.069,0.511 ± 0.067
HIV,bootstrap,drop_idx_56,0.9927007299270073,0.9644444444444444,-0.02825628548256287,0.7500266372881444,0.07110791097113016,0.0,0.647 ± 0.081,0.431 ± 0.083
HIV,gmm,drop_idx_56,1.0,0.9644444444444444,-0.03555555555555556,1.257265870776725,0.08949794448409468,0.03225806451612903,0.968 ± 0.025,0.899 ± 0.054
HIV,cvae,drop_idx_56,0.9701492537313433,0.9644444444444444,-0.005704809286898871,2.47048283556398,0.11883520667728731,0.22580645161290322,0.792 ± 0.075,0.737 ± 0.067
HIV,iid_columnwise,drop_idx_56,0.9852941176470589,0.9644444444444444,-0.020849673202614438,0.7328541369749123,0.3003673042665309,0.0,0.590 ± 0.048,0.513 ± 0.075
HIV,bootstrap,drop_idx_57,0.9927007299270073,0.9718518518518519,-0.020848878075155453,0.7652698472543468,0.07318879669725446,0.0,0.638 ± 0.075,0.419 ± 0.089
HIV,gmm,drop_idx_57,1.0,0.9718518518518519,-0.028148148148148144,1.1668287699542603,0.09471841269114126,0.06451612903225806,0.968 ± 0.026,0.908 ± 0.045
HIV,cvae,drop_idx_57,0.9696969696969697,0.9718518518518519,0.0021548821548821318,2.461657475278035,0.11572075033937874,0.20967741935483872,0.801 ± 0.084,0.741 ± 0.085
HIV,iid_columnwise,drop_idx_57,0.9927007299270073,0.9718518518518519,-0.020848878075155453,0.729356021773993,0.29858620251138934,0.0,0.573 ± 0.049,0.529 ± 0.090
HIV,bootstrap,drop_idx_58,0.9927007299270073,0.9718518518518519,-0.020848878075155453,0.7671769307402512,0.0723215609179185,0.0,0.649 ± 0.075,0.412 ± 0.109
HIV,gmm,drop_idx_58,0.9781021897810219,0.9718518518518519,-0.006250337929170069,1.2297236889102283,0.08173980774355545,0.016129032258064516,0.934 ± 0.050,0.852 ± 0.066
HIV,cvae,drop_idx_58,0.9777777777777777,0.9718518518518519,-0.00592592592592589,2.46874978230103,0.12061440215600731,0.1935483870967742,0.832 ± 0.060,0.773 ± 0.062
HIV,iid_columnwise,drop_idx_58,0.9852941176470589,0.9718518518518519,-0.01344226579520702,0.7310599214464505,0.29179545211097296,0.0,0.582 ± 0.062,0.551 ± 0.073
HIV,bootstrap,drop_idx_59,0.9927007299270073,0.9718518518518519,-0.020848878075155453,0.7631429629482542,0.0723387528520164,0.0,0.653 ± 0.077,0.414 ± 0.112
HIV,gmm,drop_idx_59,0.9925925925925926,0.9718518518518519,-0.020740740740740726,1.1935059983819165,0.10849991154565455,0.016129032258064516,0.960 ± 0.045,0.901 ± 0.066
HIV,cvae,drop_idx_59,0.9701492537313433,0.9718518518518519,0.0017025981205085472,2.4504090135867984,0.11669093769207732,0.22580645161290322,0.848 ± 0.077,0.770 ± 0.067
HIV,iid_columnwise,drop_idx_59,0.9852941176470589,0.9718518518518519,-0.01344226579520702,0.7310284733221678,0.2907130403797121,0.0,0.579 ± 0.061,0.561 ± 0.091
HIV,bootstrap,drop_idx_6,0.9927007299270073,0.9718518518518519,-0.020848878075155453,0.7463716056726168,0.0715718122451866,0.0,0.642 ± 0.078,0.410 ± 0.128
breast_cancer,bootstrap,drop_idx_6,0.9860335195530726,0.9707003141020598,-0.015333205451012799,0.0874257950321701,0.029058905066138438,0.0,0.613 ± 0.086,0.456 ± 0.160
diabetes,bootstrap,drop_idx_6,0.8587786259541985,0.6126079835804563,-0.2461706423737422,0.055710974345129484,0.020079403372960734,0.0,0.575 ± 0.065,0.460 ± 0.086
HIV,gmm,drop_idx_6,0.9927007299270073,0.9718518518518519,-0.020848878075155453,1.2026927238032608,0.08960453388246918,0.04838709677419355,0.918 ± 0.096,0.864 ± 0.116
breast_cancer,gmm,drop_idx_6,0.9563994374120957,0.9707003141020598,0.01430087668996416,0.3018312583554638,0.08600219970099274,0.06896551724137931,0.846 ± 0.070,0.768 ± 0.063
diabetes,gmm,drop_idx_6,0.625,0.6126079835804563,-0.012392016419543683,0.42306388192710337,0.033561298050385435,0.14285714285714285,0.753 ± 0.066,0.655 ± 0.094
HIV,cvae,drop_idx_6,0.9552238805970149,0.9718518518518519,0.01662797125483695,2.353667209633037,0.12380237587223133,0.12903225806451613,0.830 ± 0.100,0.801 ± 0.084
breast_cancer,cvae,drop_idx_6,0.9561643835616438,0.9707003141020598,0.01453593054041602,0.3190368609972097,0.07386152783997194,0.1724137931034483,0.589 ± 0.050,0.554 ± 0.071
diabetes,cvae,drop_idx_6,0.6436363636363637,0.6126079835804563,-0.031028380055907356,0.4765588348788722,0.088008413955348,0.42857142857142855,0.790 ± 0.071,0.736 ± 0.068
HIV,iid_columnwise,drop_idx_6,0.9855072463768116,0.9718518518518519,-0.013655394524959785,0.6906136471155714,0.304331605656174,0.0,0.620 ± 0.081,0.548 ± 0.110
breast_cancer,iid_columnwise,drop_idx_6,0.9572413793103448,0.9707003141020598,0.013458934791715005,0.057788481030136445,0.20334298345593296,0.0,0.630 ± 0.056,0.578 ± 0.109
diabetes,iid_columnwise,drop_idx_6,0.6856060606060606,0.6126079835804563,-0.07299807702560424,0.03353970162935372,0.15345830595187973,0.0,0.617 ± 0.075,0.569 ± 0.097
HIV,bootstrap,drop_idx_60,0.9927007299270073,0.9718518518518519,-0.020848878075155453,0.7652894096214753,0.07252265609346704,0.0,0.652 ± 0.069,0.402 ± 0.069
HIV,gmm,drop_idx_60,0.9925925925925926,0.9718518518518519,-0.020740740740740726,1.400764254549605,0.08943520297822155,0.03225806451612903,0.948 ± 0.074,0.879 ± 0.079
HIV,cvae,drop_idx_60,0.9629629629629629,0.9718518518518519,0.008888888888888946,2.4792222928062237,0.11878056065950914,0.2903225806451613,0.846 ± 0.062,0.786 ± 0.063
HIV,iid_columnwise,drop_idx_60,0.9852941176470589,0.9718518518518519,-0.01344226579520702,0.7334298639915241,0.2935269936517892,0.0,0.586 ± 0.048,0.547 ± 0.114
HIV,bootstrap,drop_idx_61,0.9927007299270073,0.9718518518518519,-0.020848878075155453,0.7552842392806469,0.07194284545215919,0.0,0.665 ± 0.092,0.397 ± 0.103
HIV,gmm,drop_idx_61,0.9925925925925926,0.9718518518518519,-0.020740740740740726,1.3320829316302236,0.09134628416224634,0.03225806451612903,0.940 ± 0.068,0.876 ± 0.091
HIV,cvae,drop_idx_61,0.9571428571428572,0.9718518518518519,0.014708994708994672,2.588323004371568,0.1253244583510514,0.22580645161290322,0.812 ± 0.067,0.740 ± 0.089
HIV,iid_columnwise,drop_idx_61,0.9852941176470589,0.9718518518518519,-0.01344226579520702,0.7280271044752072,0.2927914046309005,0.0,0.610 ± 0.088,0.586 ± 0.137
HIV,bootstrap,drop_idx_62,0.9927007299270073,0.9718518518518519,-0.020848878075155453,0.7551363689704685,0.07221121526238576,0.0,0.661 ± 0.096,0.414 ± 0.128
HIV,gmm,drop_idx_62,1.0,0.9718518518518519,-0.028148148148148144,1.2482578907641848,0.09490014733628518,0.03225806451612903,0.959 ± 0.036,0.895 ± 0.065
HIV,cvae,drop_idx_62,0.9538461538461539,0.9718518518518519,0.018005698005697957,2.5147140886816692,0.1303692474922702,0.25806451612903225,0.798 ± 0.088,0.732 ± 0.073
HIV,iid_columnwise,drop_idx_62,0.9852941176470589,0.9718518518518519,-0.01344226579520702,0.7254600235069131,0.29283875862635333,0.0,0.608 ± 0.076,0.565 ± 0.132
HIV,bootstrap,drop_idx_7,0.9927007299270073,0.9718518518518519,-0.020848878075155453,0.7566140227530336,0.07155280661776758,0.0,0.632 ± 0.077,0.426 ± 0.135
breast_cancer,bootstrap,drop_idx_7,0.9859943977591037,0.9691880655416973,-0.01680633221740635,0.08482544961672278,0.029140116330522253,0.0,0.611 ± 0.065,0.478 ± 0.102
diabetes,bootstrap,drop_idx_7,0.861003861003861,0.5926043182405145,-0.26839954276334643,0.05563220348958703,0.022285458050458933,0.0,0.559 ± 0.040,0.528 ± 0.104
HIV,gmm,drop_idx_7,0.9777777777777777,0.9718518518518519,-0.00592592592592589,1.2255332714275557,0.0885300939404985,0.04838709677419355,0.906 ± 0.077,0.830 ± 0.091
breast_cancer,gmm,drop_idx_7,0.9549295774647887,0.9691880655416973,0.01425848807690866,0.29021914005560157,0.08201460471555895,0.034482758620689655,0.813 ± 0.081,0.733 ± 0.071
diabetes,gmm,drop_idx_7,0.6410748560460653,0.5926043182405145,-0.04847053780555077,0.35029878279263954,0.023497009315405448,0.14285714285714285,0.712 ± 0.061,0.638 ± 0.077
HIV,cvae,drop_idx_7,0.9855072463768116,0.9718518518518519,-0.013655394524959785,2.357664070476779,0.12101840316886611,0.08064516129032258,0.861 ± 0.063,0.792 ± 0.075
breast_cancer,cvae,drop_idx_7,0.96,0.9691880655416973,0.009188065541697377,0.32502893659515014,0.07347238969452614,0.10344827586206896,0.583 ± 0.080,0.509 ± 0.089
diabetes,cvae,drop_idx_7,0.663023679417122,0.5926043182405145,-0.07041936117660752,0.621809028026865,0.08075303226015555,0.42857142857142855,0.750 ± 0.090,0.677 ± 0.073
HIV,iid_columnwise,drop_idx_7,0.9855072463768116,0.9718518518518519,-0.013655394524959785,0.6941218339666141,0.30367435592535147,0.0,0.625 ± 0.076,0.561 ± 0.095
breast_cancer,iid_columnwise,drop_idx_7,0.9587912087912088,0.9691880655416973,0.010396856750488515,0.058811592346505646,0.2066430231628053,0.0,0.618 ± 0.079,0.594 ± 0.084
diabetes,iid_columnwise,drop_idx_7,0.6601941747572816,0.5926043182405145,-0.06758985651676708,0.036832988396460965,0.12745485718361696,0.0,0.549 ± 0.040,0.518 ± 0.077
HIV,bootstrap,drop_idx_8,0.9927007299270073,0.964973544973545,-0.02772718495346227,0.7642791235351316,0.07274898651582164,0.0,0.640 ± 0.066,0.421 ± 0.125
breast_cancer,bootstrap,drop_idx_8,0.9846153846153847,0.9693591786871003,-0.015256205928284361,0.08729878375073223,0.028086733917998406,0.0,0.592 ± 0.078,0.465 ± 0.098
HIV,gmm,drop_idx_8,0.9927007299270073,0.964973544973545,-0.02772718495346227,1.190809556277968,0.09872469182352597,0.0,0.929 ± 0.081,0.853 ± 0.125
breast_cancer,gmm,drop_idx_8,0.9592123769338959,0.9693591786871003,0.01014680175320437,0.2856955237191854,0.07864641840698015,0.034482758620689655,0.802 ± 0.086,0.701 ± 0.121
HIV,cvae,drop_idx_8,0.9781021897810219,0.964973544973545,-0.013128644807476886,2.501921057271854,0.12263956811817388,0.08064516129032258,0.871 ± 0.051,0.796 ± 0.054
breast_cancer,cvae,drop_idx_8,0.9699453551912568,0.9693591786871003,-0.0005861765041564881,0.29083688722435913,0.06810473145644949,0.1724137931034483,0.615 ± 0.067,0.549 ± 0.071
HIV,iid_columnwise,drop_idx_8,0.9855072463768116,0.964973544973545,-0.020533701403266602,0.6995422704890214,0.30555910938616265,0.0,0.623 ± 0.082,0.543 ± 0.090
breast_cancer,iid_columnwise,drop_idx_8,0.961218836565097,0.9693591786871003,0.008140342122003319,0.0615364115744438,0.20526863613495377,0.0,0.620 ± 0.106,0.560 ± 0.128
HIV,bootstrap,drop_idx_9,0.9927007299270073,0.9718518518518519,-0.020848878075155453,0.7607947655060849,0.07182541968473001,0.0,0.648 ± 0.078,0.397 ± 0.128
breast_cancer,bootstrap,drop_idx_9,0.9818181818181818,0.970523832651079,-0.011294349167102813,0.0867657421920467,0.029782060753356262,0.0,0.597 ± 0.072,0.461 ± 0.101
HIV,gmm,drop_idx_9,1.0,0.9718518518518519,-0.028148148148148144,1.239050782696175,0.09216330877538054,0.016129032258064516,0.944 ± 0.068,0.873 ± 0.103
breast_cancer,gmm,drop_idx_9,0.9621318373071529,0.970523832651079,0.008391995343926095,0.28815094071763253,0.07033194794494561,0.10344827586206896,0.813 ± 0.053,0.746 ± 0.068
HIV,cvae,drop_idx_9,0.9777777777777777,0.9718518518518519,-0.00592592592592589,2.8567751037743596,0.12008025407611923,0.3709677419354839,0.863 ± 0.055,0.804 ± 0.046
breast_cancer,cvae,drop_idx_9,0.976551724137931,0.970523832651079,-0.006027891486852011,0.31650386816351544,0.06028859213466659,0.1724137931034483,0.566 ± 0.039,0.535 ± 0.064
HIV,iid_columnwise,drop_idx_9,0.9855072463768116,0.9718518518518519,-0.013655394524959785,0.7068566976885985,0.2980795912406417,0.0,0.633 ± 0.037,0.570 ± 0.045
breast_cancer,iid_columnwise,drop_idx_9,0.961218836565097,0.970523832651079,0.009304996085982009,0.06148176522176131,0.1985982087942602,0.0,0.607 ± 0.060,0.533 ± 0.101
